league,season,team,game,date,time,round,day,venue,result,GF,GA,opponent,xG,xGA,Poss,Attendance,Captain,Formation,Opp Formation,Referee,match_report,Notes
ENG-Premier League,1617,Arsenal,2016-08-14 Arsenal-Liverpool,2016-08-14,16:00:00,Matchweek 1,Sun,Home,L,3,4,Liverpool,,,51,60033,Petr Čech,4-2-3-1,4-3-3,Michael Oliver,/en/matches/0e815975/Arsenal-Liverpool-August-14-2016-Premier-League,
ENG-Premier League,1617,Arsenal,2016-08-20 Leicester City-Arsenal,2016-08-20,17:30:00,Matchweek 2,Sat,Away,D,0,0,Leicester City,,,61,32008,Laurent Koscielny,4-2-3-1,4-4-2,Mark Clattenburg,/en/matches/7dcbb8b3/Leicester-City-Arsenal-August-20-2016-Premier-League,
ENG-Premier League,1617,Arsenal,2016-08-27 Watford-Arsenal,2016-08-27,15:00:00,Matchweek 3,Sat,Away,W,3,1,Watford,,,55,20545,Laurent Koscielny,4-2-3-1,3-5-2,Kevin Friend,/en/matches/b123da8c/Watford-Arsenal-August-27-2016-Premier-League,
ENG-Premier League,1617,Arsenal,2016-09-10 Arsenal-Southampton,2016-09-10,15:00:00,Matchweek 4,Sat,Home,W,2,1,Southampton,,,57,59962,Laurent Koscielny,4-2-3-1,4-3-3,Robert Madley,/en/matches/a8053d4d/Arsenal-Southampton-September-10-2016-Premier-League,
ENG-Premier League,1617,Arsenal,2016-09-17 Hull City-Arsenal,2016-09-17,15:00:00,Matchweek 5,Sat,Away,W,4,1,Hull City,,,61,22536,Laurent Koscielny,4-2-3-1,4-3-3,Roger East,/en/matches/f2805e6a/Hull-City-Arsenal-September-17-2016-Premier-League,
ENG-Premier League,1617,Arsenal,2016-09-24 Arsenal-Chelsea,2016-09-24,17:30:00,Matchweek 6,Sat,Home,W,3,0,Chelsea,,,50,60028,Laurent Koscielny,4-2-3-1,4-1-4-1,Michael Oliver,/en/matches/61b1eca2/North-West-London-Derby-Arsenal-Chelsea-September-24-2016-Premier-League,
ENG-Premier League,1617,Arsenal,2016-10-02 Burnley-Arsenal,2016-10-02,16:30:00,Matchweek 7,Sun,Away,W,1,0,Burnley,,,67,20982,Laurent Koscielny,4-2-3-1,4-5-1,Craig Pawson,/en/matches/28458ed0/Burnley-Arsenal-October-2-2016-Premier-League,
ENG-Premier League,1617,Arsenal,2016-10-15 Arsenal-Swansea City,2016-10-15,15:00:00,Matchweek 8,Sat,Home,W,3,2,Swansea City,,,49,60007,Laurent Koscielny,4-2-3-1,4-4-1-1,Jonathan Moss,/en/matches/90730896/Arsenal-Swansea-City-October-15-2016-Premier-League,
ENG-Premier League,1617,Arsenal,2016-10-22 Arsenal-Middlesbrough,2016-10-22,15:00:00,Matchweek 9,Sat,Home,D,0,0,Middlesbrough,,,75,59982,Laurent Koscielny,4-2-3-1,4-5-1,Mike Dean,/en/matches/bdbf5bba/Arsenal-Middlesbrough-October-22-2016-Premier-League,
ENG-Premier League,1617,Arsenal,2016-10-29 Sunderland-Arsenal,2016-10-29,12:30:00,Matchweek 10,Sat,Away,W,4,1,Sunderland,,,66,44322,Laurent Koscielny,4-2-3-1,4-5-1,Martin Atkinson,/en/matches/ed5de6ff/Sunderland-Arsenal-October-29-2016-Premier-League,
ENG-Premier League,1617,Arsenal,2016-11-06 Arsenal-Tottenham,2016-11-06,12:00:00,Matchweek 11,Sun,Home,D,1,1,Tottenham,,,46,60039,Laurent Koscielny,4-2-3-1,3-4-3,Mark Clattenburg,/en/matches/61ae4b5a/North-London-Derby-Arsenal-Tottenham-Hotspur-November-6-2016-Premier-League,
ENG-Premier League,1617,Arsenal,2016-11-19 Manchester Utd-Arsenal,2016-11-19,12:30:00,Matchweek 12,Sat,Away,D,1,1,Manchester Utd,,,55,75264,Laurent Koscielny,4-2-3-1,4-3-3,Andre Marriner,/en/matches/abb1ca5c/Manchester-United-Arsenal-November-19-2016-Premier-League,
ENG-Premier League,1617,Arsenal,2016-11-27 Arsenal-Bournemouth,2016-11-27,14:15:00,Matchweek 13,Sun,Home,W,3,1,Bournemouth,,,52,59978,Laurent Koscielny,4-2-3-1,4-2-3-1,Mike Jones,/en/matches/40ece6d2/Arsenal-Bournemouth-November-27-2016-Premier-League,
ENG-Premier League,1617,Arsenal,2016-12-03 West Ham-Arsenal,2016-12-03,17:30:00,Matchweek 14,Sat,Away,W,5,1,West Ham,,,50,56980,Laurent Koscielny,4-2-3-1,3-4-3,Craig Pawson,/en/matches/432b5d0c/West-Ham-United-Arsenal-December-3-2016-Premier-League,
ENG-Premier League,1617,Arsenal,2016-12-10 Arsenal-Stoke City,2016-12-10,15:00:00,Matchweek 15,Sat,Home,W,3,1,Stoke City,,,64,59964,Laurent Koscielny,4-2-3-1,3-4-3,Lee Mason,/en/matches/fec71c04/Arsenal-Stoke-City-December-10-2016-Premier-League,
ENG-Premier League,1617,Arsenal,2016-12-13 Everton-Arsenal,2016-12-13,19:45:00,Matchweek 16,Tue,Away,L,1,2,Everton,,,59,39510,Laurent Koscielny,4-2-3-1,4-3-3,Mark Clattenburg,/en/matches/058313b0/Everton-Arsenal-December-13-2016-Premier-League,
ENG-Premier League,1617,Arsenal,2016-12-18 Manchester City-Arsenal,2016-12-18,16:00:00,Matchweek 17,Sun,Away,L,1,2,Manchester City,,,39,54409,Laurent Koscielny,4-2-3-1,4-1-4-1,Martin Atkinson,/en/matches/18115cd0/Manchester-City-Arsenal-December-18-2016-Premier-League,
ENG-Premier League,1617,Arsenal,2016-12-26 Arsenal-West Brom,2016-12-26,15:00:00,Matchweek 18,Mon,Home,W,1,0,West Brom,,,76,59925,Laurent Koscielny,4-2-3-1,4-2-3-1,Niel Swarbrick,/en/matches/32a93ec5/Arsenal-West-Bromwich-Albion-December-26-2016-Premier-League,
ENG-Premier League,1617,Arsenal,2017-01-01 Arsenal-Crystal Palace,2017-01-01,16:00:00,Matchweek 19,Sun,Home,W,2,0,Crystal Palace,,,64,59975,Laurent Koscielny,4-2-3-1,4-2-3-1,Andre Marriner,/en/matches/b0f63c70/Arsenal-Crystal-Palace-January-1-2017-Premier-League,
ENG-Premier League,1617,Arsenal,2017-01-03 Bournemouth-Arsenal,2017-01-03,19:45:00,Matchweek 20,Tue,Away,D,3,3,Bournemouth,,,60,11202,Laurent Koscielny,4-2-3-1,4-2-3-1,Michael Oliver,/en/matches/f4a549b2/Bournemouth-Arsenal-January-3-2017-Premier-League,
ENG-Premier League,1617,Arsenal,2017-01-14 Swansea City-Arsenal,2017-01-14,15:00:00,Matchweek 21,Sat,Away,W,4,0,Swansea City,,,57,20875,Laurent Koscielny,4-2-3-1,4-2-3-1,Mike Jones,/en/matches/1a4da26d/Swansea-City-Arsenal-January-14-2017-Premier-League,
ENG-Premier League,1617,Arsenal,2017-01-22 Arsenal-Burnley,2017-01-22,14:15:00,Matchweek 22,Sun,Home,W,2,1,Burnley,,,70,59955,Laurent Koscielny,4-2-3-1,4-4-2,Jonathan Moss,/en/matches/ff6cad57/Arsenal-Burnley-January-22-2017-Premier-League,
ENG-Premier League,1617,Arsenal,2017-01-31 Arsenal-Watford,2017-01-31,19:45:00,Matchweek 23,Tue,Home,L,1,2,Watford,,,74,60035,Laurent Koscielny,4-2-3-1,4-5-1,Andre Marriner,/en/matches/eef8e264/Arsenal-Watford-January-31-2017-Premier-League,
ENG-Premier League,1617,Arsenal,2017-02-04 Chelsea-Arsenal,2017-02-04,12:30:00,Matchweek 24,Sat,Away,L,1,3,Chelsea,,,59,41490,Laurent Koscielny,4-2-3-1,3-4-3,Martin Atkinson,/en/matches/748207ea/North-West-London-Derby-Chelsea-Arsenal-February-4-2017-Premier-League,
ENG-Premier League,1617,Arsenal,2017-02-11 Arsenal-Hull City,2017-02-11,12:30:00,Matchweek 25,Sat,Home,W,2,0,Hull City,,,49,59962,Laurent Koscielny,4-2-3-1,4-1-4-1,Mark Clattenburg,/en/matches/37825164/Arsenal-Hull-City-February-11-2017-Premier-League,
ENG-Premier League,1617,Arsenal,2017-03-04 Liverpool-Arsenal,2017-03-04,17:30:00,Matchweek 27,Sat,Away,L,1,3,Liverpool,,,48,53146,Laurent Koscielny,4-2-3-1,4-3-3,Robert Madley,/en/matches/f06bb82f/Liverpool-Arsenal-March-4-2017-Premier-League,
ENG-Premier League,1617,Arsenal,2017-03-18 West Brom-Arsenal,2017-03-18,12:30:00,Matchweek 29,Sat,Away,L,1,3,West Brom,,,77,24065,Laurent Koscielny,4-2-3-1,4-5-1,Niel Swarbrick,/en/matches/d1bac114/West-Bromwich-Albion-Arsenal-March-18-2017-Premier-League,
ENG-Premier League,1617,Arsenal,2017-04-02 Arsenal-Manchester City,2017-04-02,16:00:00,Matchweek 30,Sun,Home,D,2,2,Manchester City,,,44,60001,Laurent Koscielny,4-2-3-1,4-2-3-1,Andre Marriner,/en/matches/283ef914/Arsenal-Manchester-City-April-2-2017-Premier-League,
ENG-Premier League,1617,Arsenal,2017-04-05 Arsenal-West Ham,2017-04-05,19:45:00,Matchweek 31,Wed,Home,W,3,0,West Ham,,,66,59961,Theo Walcott,4-2-3-1,4-1-4-1,Martin Atkinson,/en/matches/99d5f0d0/Arsenal-West-Ham-United-April-5-2017-Premier-League,
ENG-Premier League,1617,Arsenal,2017-04-10 Crystal Palace-Arsenal,2017-04-10,20:00:00,Matchweek 32,Mon,Away,L,0,3,Crystal Palace,,,72,25648,Theo Walcott,4-2-3-1,4-2-3-1,Michael Oliver,/en/matches/78f9825c/Crystal-Palace-Arsenal-April-10-2017-Premier-League,
ENG-Premier League,1617,Arsenal,2017-04-17 Middlesbrough-Arsenal,2017-04-17,20:00:00,Matchweek 33,Mon,Away,W,2,1,Middlesbrough,,,65,31298,Laurent Koscielny,3-4-3,4-3-3,Anthony Taylor,/en/matches/344116c5/Middlesbrough-Arsenal-April-17-2017-Premier-League,
ENG-Premier League,1617,Arsenal,2017-04-26 Arsenal-Leicester City,2017-04-26,19:45:00,Matchweek 28,Wed,Home,W,1,0,Leicester City,,,69,59829,Laurent Koscielny,3-4-3,4-4-2,Mike Jones,/en/matches/d0129267/Arsenal-Leicester-City-April-26-2017-Premier-League,
ENG-Premier League,1617,Arsenal,2017-04-30 Tottenham-Arsenal,2017-04-30,16:30:00,Matchweek 35,Sun,Away,L,0,2,Tottenham,,,49,31811,Laurent Koscielny,3-4-3,4-2-3-1,Michael Oliver,/en/matches/cdec2a32/North-London-Derby-Tottenham-Hotspur-Arsenal-April-30-2017-Premier-League,
ENG-Premier League,1617,Arsenal,2017-05-07 Arsenal-Manchester Utd,2017-05-07,16:00:00,Matchweek 36,Sun,Home,W,2,0,Manchester Utd,,,50,60055,Laurent Koscielny,3-4-3,4-3-3,Andre Marriner,/en/matches/dc6b6f97/Arsenal-Manchester-United-May-7-2017-Premier-League,
ENG-Premier League,1617,Arsenal,2017-05-10 Southampton-Arsenal,2017-05-10,19:45:00,Matchweek 26,Wed,Away,W,2,0,Southampton,,,53,31474,Petr Čech,3-4-3,4-2-3-1,Jonathan Moss,/en/matches/eae4b047/Southampton-Arsenal-May-10-2017-Premier-League,
ENG-Premier League,1617,Arsenal,2017-05-13 Stoke City-Arsenal,2017-05-13,17:30:00,Matchweek 37,Sat,Away,W,4,1,Stoke City,,,67,27535,Laurent Koscielny,3-4-3,4-2-3-1,Mike Dean,/en/matches/465be7c9/Stoke-City-Arsenal-May-13-2017-Premier-League,
ENG-Premier League,1617,Arsenal,2017-05-16 Arsenal-Sunderland,2017-05-16,19:45:00,Matchweek 34,Tue,Home,W,2,0,Sunderland,,,63,59510,Petr Čech,3-4-3,3-5-2,Roger East,/en/matches/d971823a/Arsenal-Sunderland-May-16-2017-Premier-League,
ENG-Premier League,1617,Arsenal,2017-05-21 Arsenal-Everton,2017-05-21,15:00:00,Matchweek 38,Sun,Home,W,3,1,Everton,,,50,59976,Laurent Koscielny,3-4-3,4-3-3,Michael Oliver,/en/matches/5032a8f5/Arsenal-Everton-May-21-2017-Premier-League,
ENG-Premier League,1718,Arsenal,2017-08-11 Arsenal-Leicester City,2017-08-11,19:45:00,Matchweek 1,Fri,Home,W,4,3,Leicester City,2.5,1.5,68,59387,Petr Čech,3-4-3,4-4-1-1,Mike Dean,/en/matches/e3c3ddf0/Arsenal-Leicester-City-August-11-2017-Premier-League,
ENG-Premier League,1718,Arsenal,2017-08-19 Stoke City-Arsenal,2017-08-19,17:30:00,Matchweek 2,Sat,Away,L,0,1,Stoke City,1.5,0.7,76,29459,Petr Čech,3-4-3,3-4-3,Andre Marriner,/en/matches/37f97732/Stoke-City-Arsenal-August-19-2017-Premier-League,
ENG-Premier League,1718,Arsenal,2017-08-27 Liverpool-Arsenal,2017-08-27,16:00:00,Matchweek 3,Sun,Away,L,0,4,Liverpool,0.6,3.1,52,53206,Laurent Koscielny,3-4-3,4-3-3,Craig Pawson,/en/matches/e4374144/Liverpool-Arsenal-August-27-2017-Premier-League,
ENG-Premier League,1718,Arsenal,2017-09-09 Arsenal-Bournemouth,2017-09-09,15:00:00,Matchweek 4,Sat,Home,W,3,0,Bournemouth,2.2,0.6,58,59262,Laurent Koscielny,3-4-3,3-5-1-1,Anthony Taylor,/en/matches/2fab7d59/Arsenal-Bournemouth-September-9-2017-Premier-League,
ENG-Premier League,1718,Arsenal,2017-09-17 Chelsea-Arsenal,2017-09-17,13:30:00,Matchweek 5,Sun,Away,D,0,0,Chelsea,1.4,0.8,49,41478,Laurent Koscielny,3-4-3,3-4-3,Michael Oliver,/en/matches/b015cd93/North-West-London-Derby-Chelsea-Arsenal-September-17-2017-Premier-League,
ENG-Premier League,1718,Arsenal,2017-09-25 Arsenal-West Brom,2017-09-25,20:00:00,Matchweek 6,Mon,Home,W,2,0,West Brom,2.2,0.9,69,59134,Laurent Koscielny,3-4-3,3-5-2,Robert Madley,/en/matches/b46b6153/Arsenal-West-Bromwich-Albion-September-25-2017-Premier-League,
ENG-Premier League,1718,Arsenal,2017-10-01 Arsenal-Brighton,2017-10-01,12:00:00,Matchweek 7,Sun,Home,W,2,0,Brighton,2.4,0.4,64,59378,Petr Čech,3-4-3,4-5-1,Kevin Friend,/en/matches/304dc26b/Arsenal-Brighton-and-Hove-Albion-October-1-2017-Premier-League,
ENG-Premier League,1718,Arsenal,2017-10-14 Watford-Arsenal,2017-10-14,17:30:00,Matchweek 8,Sat,Away,L,1,2,Watford,1.0,1.6,54,20384,Per Mertesacker,3-4-3,3-4-3,Niel Swarbrick,/en/matches/f18931d9/Watford-Arsenal-October-14-2017-Premier-League,
ENG-Premier League,1718,Arsenal,2017-10-22 Everton-Arsenal,2017-10-22,13:30:00,Matchweek 9,Sun,Away,W,5,2,Everton,3.5,1.0,67,39189,Per Mertesacker,3-4-3,3-4-3,Craig Pawson,/en/matches/73da64ff/Everton-Arsenal-October-22-2017-Premier-League,
ENG-Premier League,1718,Arsenal,2017-10-28 Arsenal-Swansea City,2017-10-28,15:00:00,Matchweek 10,Sat,Home,W,2,1,Swansea City,2.0,0.9,72,59493,Per Mertesacker,3-4-3,3-5-2,Lee Mason,/en/matches/3424d0e6/Arsenal-Swansea-City-October-28-2017-Premier-League,
ENG-Premier League,1718,Arsenal,2017-11-05 Manchester City-Arsenal,2017-11-05,14:15:00,Matchweek 11,Sun,Away,L,1,3,Manchester City,0.3,1.8,43,54286,Laurent Koscielny,3-4-3,4-3-3,Michael Oliver,/en/matches/03da14dd/Manchester-City-Arsenal-November-5-2017-Premier-League,
ENG-Premier League,1718,Arsenal,2017-11-18 Arsenal-Tottenham,2017-11-18,12:30:00,Matchweek 12,Sat,Home,W,2,0,Tottenham,2.1,0.7,43,59530,Laurent Koscielny,3-4-3,3-5-2,Mike Dean,/en/matches/ae345878/North-London-Derby-Arsenal-Tottenham-Hotspur-November-18-2017-Premier-League,
ENG-Premier League,1718,Arsenal,2017-11-26 Burnley-Arsenal,2017-11-26,14:00:00,Matchweek 13,Sun,Away,W,1,0,Burnley,1.8,0.4,64,21722,Laurent Koscielny,3-4-3,4-4-1-1,Lee Mason,/en/matches/0ad47126/Burnley-Arsenal-November-26-2017-Premier-League,
ENG-Premier League,1718,Arsenal,2017-11-29 Arsenal-Huddersfield,2017-11-29,19:45:00,Matchweek 14,Wed,Home,W,5,0,Huddersfield,4.0,0.5,69,59285,Laurent Koscielny,3-4-3,3-4-3,Graham Scott,/en/matches/5765760d/Arsenal-Huddersfield-Town-November-29-2017-Premier-League,
ENG-Premier League,1718,Arsenal,2017-12-02 Arsenal-Manchester Utd,2017-12-02,17:30:00,Matchweek 15,Sat,Home,L,1,3,Manchester Utd,4.7,1.8,75,59547,Laurent Koscielny,3-4-3,3-4-1-2,Andre Marriner,/en/matches/baa538cc/Arsenal-Manchester-United-December-2-2017-Premier-League,
ENG-Premier League,1718,Arsenal,2017-12-10 Southampton-Arsenal,2017-12-10,12:00:00,Matchweek 16,Sun,Away,D,1,1,Southampton,0.7,1.3,67,31643,Per Mertesacker,3-4-3,4-2-3-1,Robert Madley,/en/matches/8a233cbd/Southampton-Arsenal-December-10-2017-Premier-League,
ENG-Premier League,1718,Arsenal,2017-12-13 West Ham-Arsenal,2017-12-13,20:00:00,Matchweek 17,Wed,Away,D,0,0,West Ham,1.0,0.4,69,56921,Laurent Koscielny,4-3-3,5-3-2,Jonathan Moss,/en/matches/2f10aa8f/West-Ham-United-Arsenal-December-13-2017-Premier-League,
ENG-Premier League,1718,Arsenal,2017-12-16 Arsenal-Newcastle Utd,2017-12-16,15:00:00,Matchweek 18,Sat,Home,W,1,0,Newcastle Utd,1.8,0.3,71,59379,Laurent Koscielny,4-3-3,4-4-2,Stuart Attwell,/en/matches/2d7430b9/Arsenal-Newcastle-United-December-16-2017-Premier-League,
ENG-Premier League,1718,Arsenal,2017-12-22 Arsenal-Liverpool,2017-12-22,19:45:00,Matchweek 19,Fri,Home,D,3,3,Liverpool,1.2,2.0,54,59409,Laurent Koscielny,4-2-3-1,4-2-3-1,Martin Atkinson,/en/matches/12c55371/Arsenal-Liverpool-December-22-2017-Premier-League,
ENG-Premier League,1718,Arsenal,2017-12-28 Crystal Palace-Arsenal,2017-12-28,20:00:00,Matchweek 20,Thu,Away,W,3,2,Crystal Palace,1.8,1.3,64,25762,Laurent Koscielny,3-4-3,4-4-2,Michael Oliver,/en/matches/f0510a2c/Crystal-Palace-Arsenal-December-28-2017-Premier-League,
ENG-Premier League,1718,Arsenal,2017-12-31 West Brom-Arsenal,2017-12-31,16:30:00,Matchweek 21,Sun,Away,D,1,1,West Brom,0.9,1.5,65,26223,Laurent Koscielny,3-4-3,5-3-2,Mike Dean,/en/matches/1d0f3208/West-Bromwich-Albion-Arsenal-December-31-2017-Premier-League,
ENG-Premier League,1718,Arsenal,2018-01-03 Arsenal-Chelsea,2018-01-03,19:45:00,Matchweek 22,Wed,Home,D,2,2,Chelsea,1.2,3.0,58,59379,Petr Čech,3-4-3,3-5-1-1,Anthony Taylor,/en/matches/cea73804/North-West-London-Derby-Arsenal-Chelsea-January-3-2018-Premier-League,
ENG-Premier League,1718,Arsenal,2018-01-14 Bournemouth-Arsenal,2018-01-14,13:30:00,Matchweek 23,Sun,Away,L,1,2,Bournemouth,1.1,0.8,59,10836,Petr Čech,3-4-3,3-4-3,Kevin Friend,/en/matches/085a3a26/Bournemouth-Arsenal-January-14-2018-Premier-League,
ENG-Premier League,1718,Arsenal,2018-01-20 Arsenal-Crystal Palace,2018-01-20,15:00:00,Matchweek 24,Sat,Home,W,4,1,Crystal Palace,2.9,0.6,63,59386,Laurent Koscielny,4-1-4-1,4-4-2,Chris Kavanagh,/en/matches/65607b87/Arsenal-Crystal-Palace-January-20-2018-Premier-League,
ENG-Premier League,1718,Arsenal,2018-01-30 Swansea City-Arsenal,2018-01-30,19:45:00,Matchweek 25,Tue,Away,L,1,3,Swansea City,1.3,2.1,74,20819,Laurent Koscielny,4-3-3,5-4-1,Lee Mason,/en/matches/d42b1f12/Swansea-City-Arsenal-January-30-2018-Premier-League,
ENG-Premier League,1718,Arsenal,2018-02-03 Arsenal-Everton,2018-02-03,17:30:00,Matchweek 26,Sat,Home,W,5,1,Everton,2.6,1.2,57,59306,Laurent Koscielny,4-2-3-1,3-4-3,Niel Swarbrick,/en/matches/ac69ef1b/Arsenal-Everton-February-3-2018-Premier-League,
ENG-Premier League,1718,Arsenal,2018-02-10 Tottenham-Arsenal,2018-02-10,12:30:00,Matchweek 27,Sat,Away,L,0,1,Tottenham,0.6,2.6,50,83222,Laurent Koscielny,4-3-3,4-2-3-1,Anthony Taylor,/en/matches/9be2b4a6/North-London-Derby-Tottenham-Hotspur-Arsenal-February-10-2018-Premier-League,
ENG-Premier League,1718,Arsenal,2018-03-01 Arsenal-Manchester City,2018-03-01,19:45:00,Matchweek 28,Thu,Home,L,0,3,Manchester City,1.3,1.5,46,58420,Laurent Koscielny,4-2-3-1,4-3-3,Andre Marriner,/en/matches/7a4e4ce6/Arsenal-Manchester-City-March-1-2018-Premier-League,
ENG-Premier League,1718,Arsenal,2018-03-04 Brighton-Arsenal,2018-03-04,13:30:00,Matchweek 29,Sun,Away,L,1,2,Brighton,1.2,1.2,67,30620,Laurent Koscielny,4-2-3-1,4-4-1-1,Stuart Attwell,/en/matches/42457283/Brighton-and-Hove-Albion-Arsenal-March-4-2018-Premier-League,
ENG-Premier League,1718,Arsenal,2018-03-11 Arsenal-Watford,2018-03-11,13:30:00,Matchweek 30,Sun,Home,W,3,0,Watford,2.2,1.4,59,59131,Petr Čech,4-2-3-1,4-2-3-1,Martin Atkinson,/en/matches/9eba55b6/Arsenal-Watford-March-11-2018-Premier-League,
ENG-Premier League,1718,Arsenal,2018-04-01 Arsenal-Stoke City,2018-04-01,13:30:00,Matchweek 32,Sun,Home,W,3,0,Stoke City,3.3,0.4,69,59371,Jack Wilshere,4-2-3-1,4-4-1-1,Craig Pawson,/en/matches/9c1a218b/Arsenal-Stoke-City-April-1-2018-Premier-League,
ENG-Premier League,1718,Arsenal,2018-04-08 Arsenal-Southampton,2018-04-08,14:15:00,Matchweek 33,Sun,Home,W,3,2,Southampton,1.6,2.0,64,59374,Petr Čech,4-2-3-1,3-4-3,Andre Marriner,/en/matches/dd1ec108/Arsenal-Southampton-April-8-2018-Premier-League,
ENG-Premier League,1718,Arsenal,2018-04-15 Newcastle Utd-Arsenal,2018-04-15,13:30:00,Matchweek 34,Sun,Away,L,1,2,Newcastle Utd,1.2,0.8,71,52210,Petr Čech,4-3-3,4-4-1-1,Anthony Taylor,/en/matches/a4ac40df/Newcastle-United-Arsenal-April-15-2018-Premier-League,
ENG-Premier League,1718,Arsenal,2018-04-22 Arsenal-West Ham,2018-04-22,13:30:00,Matchweek 35,Sun,Home,W,4,1,West Ham,1.8,0.8,67,59422,Laurent Koscielny,4-3-3,3-4-3,Lee Mason,/en/matches/183dc99a/Arsenal-West-Ham-United-April-22-2018-Premier-League,
ENG-Premier League,1718,Arsenal,2018-04-29 Manchester Utd-Arsenal,2018-04-29,16:30:00,Matchweek 36,Sun,Away,L,1,2,Manchester Utd,0.5,1.7,41,75035,Granit Xhaka,4-2-3-1,4-3-3,Kevin Friend,/en/matches/5b587217/Manchester-United-Arsenal-April-29-2018-Premier-League,
ENG-Premier League,1718,Arsenal,2018-05-06 Arsenal-Burnley,2018-05-06,16:30:00,Matchweek 37,Sun,Home,W,5,0,Burnley,2.6,0.3,63,59540,Petr Čech,4-3-3,4-4-1-1,Andre Marriner,/en/matches/c8c42b05/Arsenal-Burnley-May-6-2018-Premier-League,
ENG-Premier League,1718,Arsenal,2018-05-09 Leicester City-Arsenal,2018-05-09,19:45:00,Matchweek 31,Wed,Away,L,1,3,Leicester City,1.4,2.2,59,32095,Petr Čech,4-3-3,4-4-2,Graham Scott,/en/matches/825733ff/Leicester-City-Arsenal-May-9-2018-Premier-League,
ENG-Premier League,1718,Arsenal,2018-05-13 Huddersfield-Arsenal,2018-05-13,15:00:00,Matchweek 38,Sun,Away,W,1,0,Huddersfield,2.0,1.7,55,24122,Aaron Ramsey,4-3-3,5-3-2,Michael Oliver,/en/matches/7c431214/Huddersfield-Town-Arsenal-May-13-2018-Premier-League,
ENG-Premier League,1819,Arsenal,2018-08-12 Arsenal-Manchester City,2018-08-12,16:00:00,Matchweek 1,Sun,Home,L,0,2,Manchester City,0.5,1.7,42,59934,Petr Čech,4-2-3-1,4-2-3-1,Michael Oliver,/en/matches/478e9dab/Arsenal-Manchester-City-August-12-2018-Premier-League,
ENG-Premier League,1819,Arsenal,2018-08-18 Chelsea-Arsenal,2018-08-18,17:30:00,Matchweek 2,Sat,Away,L,2,3,Chelsea,2.4,1.6,38,40491,Petr Čech,4-2-3-1,4-3-3,Martin Atkinson,/en/matches/9b69882c/North-West-London-Derby-Chelsea-Arsenal-August-18-2018-Premier-League,
ENG-Premier League,1819,Arsenal,2018-08-25 Arsenal-West Ham,2018-08-25,15:00:00,Matchweek 3,Sat,Home,W,3,1,West Ham,1.8,1.1,61,59830,Petr Čech,4-2-3-1,4-4-1-1,Graham Scott,/en/matches/0014076a/Arsenal-West-Ham-United-August-25-2018-Premier-League,
ENG-Premier League,1819,Arsenal,2018-09-02 Cardiff City-Arsenal,2018-09-02,13:30:00,Matchweek 4,Sun,Away,W,3,2,Cardiff City,1.7,1.0,72,32316,Petr Čech,4-2-3-1,4-4-2,Anthony Taylor,/en/matches/c1503e09/Cardiff-City-Arsenal-September-2-2018-Premier-League,
ENG-Premier League,1819,Arsenal,2018-09-15 Newcastle Utd-Arsenal,2018-09-15,15:00:00,Matchweek 5,Sat,Away,W,2,1,Newcastle Utd,1.0,0.4,63,52165,Petr Čech,4-2-3-1,4-4-1-1,Lee Probert,/en/matches/b53e182d/Newcastle-United-Arsenal-September-15-2018-Premier-League,
ENG-Premier League,1819,Arsenal,2018-09-23 Arsenal-Everton,2018-09-23,16:00:00,Matchweek 6,Sun,Home,W,2,0,Everton,0.8,0.8,62,59964,Petr Čech,4-2-3-1,4-2-3-1,Jonathan Moss,/en/matches/a1fb6176/Arsenal-Everton-September-23-2018-Premier-League,
ENG-Premier League,1819,Arsenal,2018-09-29 Arsenal-Watford,2018-09-29,15:00:00,Matchweek 7,Sat,Home,W,2,0,Watford,1.4,2.8,63,60019,Petr Čech,4-2-3-1,4-2-2-2,Anthony Taylor,/en/matches/d51c2069/Arsenal-Watford-September-29-2018-Premier-League,
ENG-Premier League,1819,Arsenal,2018-10-07 Fulham-Arsenal,2018-10-07,12:00:00,Matchweek 8,Sun,Away,W,5,1,Fulham,1.1,1.4,52,25401,Granit Xhaka,4-4-2,3-4-3,Paul Tierney,/en/matches/af4e1f4f/Fulham-Arsenal-October-7-2018-Premier-League,
ENG-Premier League,1819,Arsenal,2018-10-22 Arsenal-Leicester City,2018-10-22,20:00:00,Matchweek 9,Mon,Home,W,3,1,Leicester City,2.7,0.5,68,59886,Mesut Özil,4-2-3-1,3-4-1-2,Chris Kavanagh,/en/matches/9ba76788/Arsenal-Leicester-City-October-22-2018-Premier-League,
ENG-Premier League,1819,Arsenal,2018-10-28 Crystal Palace-Arsenal,2018-10-28,13:30:00,Matchweek 10,Sun,Away,D,2,2,Crystal Palace,0.9,2.3,57,25718,Mesut Özil,4-2-3-1,4-4-2,Martin Atkinson,/en/matches/9113792c/Crystal-Palace-Arsenal-October-28-2018-Premier-League,
ENG-Premier League,1819,Arsenal,2018-11-03 Arsenal-Liverpool,2018-11-03,17:30:00,Matchweek 11,Sat,Home,D,1,1,Liverpool,1.4,1.3,61,59993,Mesut Özil,4-2-3-1,4-3-3,Andre Marriner,/en/matches/09767606/Arsenal-Liverpool-November-3-2018-Premier-League,
ENG-Premier League,1819,Arsenal,2018-11-11 Arsenal-Wolves,2018-11-11,16:30:00,Matchweek 12,Sun,Home,D,1,1,Wolves,0.9,1.9,71,60030,Mesut Özil,4-2-3-1,3-4-3,Stuart Attwell,/en/matches/419ce689/Arsenal-Wolverhampton-Wanderers-November-11-2018-Premier-League,
ENG-Premier League,1819,Arsenal,2018-11-25 Bournemouth-Arsenal,2018-11-25,13:30:00,Matchweek 13,Sun,Away,W,2,1,Bournemouth,1.6,0.6,58,10792,Granit Xhaka,3-4-3,4-4-2,Craig Pawson,/en/matches/753e2ff1/Bournemouth-Arsenal-November-25-2018-Premier-League,
ENG-Premier League,1819,Arsenal,2018-12-02 Arsenal-Tottenham,2018-12-02,14:05:00,Matchweek 14,Sun,Home,W,4,2,Tottenham,2.7,1.2,59,59973,Granit Xhaka,3-4-3,4-1-2-1-2,Mike Dean,/en/matches/2ddc7388/North-London-Derby-Arsenal-Tottenham-Hotspur-December-2-2018-Premier-League,
ENG-Premier League,1819,Arsenal,2018-12-05 Manchester Utd-Arsenal,2018-12-05,20:00:00,Matchweek 15,Wed,Away,D,2,2,Manchester Utd,1.1,1.1,55,74507,Aaron Ramsey,3-4-3,3-4-1-2,Andre Marriner,/en/matches/12fa1e2f/Manchester-United-Arsenal-December-5-2018-Premier-League,
ENG-Premier League,1819,Arsenal,2018-12-08 Arsenal-Huddersfield,2018-12-08,15:00:00,Matchweek 16,Sat,Home,W,1,0,Huddersfield,1.4,0.3,62,59893,Granit Xhaka,3-1-4-2,4-2-3-1,Paul Tierney,/en/matches/9bcabb8e/Arsenal-Huddersfield-Town-December-8-2018-Premier-League,
ENG-Premier League,1819,Arsenal,2018-12-16 Southampton-Arsenal,2018-12-16,13:30:00,Matchweek 17,Sun,Away,L,2,3,Southampton,1.9,1.3,66,29497,Laurent Koscielny,3-4-3,3-4-3,Chris Kavanagh,/en/matches/31896db5/Southampton-Arsenal-December-16-2018-Premier-League,
ENG-Premier League,1819,Arsenal,2018-12-22 Arsenal-Burnley,2018-12-22,12:30:00,Matchweek 18,Sat,Home,W,3,1,Burnley,1.6,1.2,60,59493,Mesut Özil,4-3-1-2,5-3-2,Kevin Friend,/en/matches/ffe874ee/Arsenal-Burnley-December-22-2018-Premier-League,
ENG-Premier League,1819,Arsenal,2018-12-26 Brighton-Arsenal,2018-12-26,17:15:00,Matchweek 19,Wed,Away,D,1,1,Brighton,0.8,1.1,67,30608,Laurent Koscielny,4-1-2-1-2◆,4-5-1,Anthony Taylor,/en/matches/60a25a27/Brighton-and-Hove-Albion-Arsenal-December-26-2018-Premier-League,
ENG-Premier League,1819,Arsenal,2018-12-29 Liverpool-Arsenal,2018-12-29,17:30:00,Matchweek 20,Sat,Away,L,1,5,Liverpool,1.0,3.8,52,53326,Aaron Ramsey,4-2-3-1,4-2-3-1,Michael Oliver,/en/matches/33716a25/Liverpool-Arsenal-December-29-2018-Premier-League,
ENG-Premier League,1819,Arsenal,2019-01-01 Arsenal-Fulham,2019-01-01,15:00:00,Matchweek 21,Tue,Home,W,4,1,Fulham,4.5,1.4,60,59887,Laurent Koscielny,3-4-3,3-4-3,Graham Scott,/en/matches/652ef5bb/Arsenal-Fulham-January-1-2019-Premier-League,
ENG-Premier League,1819,Arsenal,2019-01-12 West Ham-Arsenal,2019-01-12,12:30:00,Matchweek 22,Sat,Away,L,0,1,West Ham,0.7,0.6,58,59946,Laurent Koscielny,3-4-3,4-2-3-1,Jonathan Moss,/en/matches/3e57e4cd/West-Ham-United-Arsenal-January-12-2019-Premier-League,
ENG-Premier League,1819,Arsenal,2019-01-19 Arsenal-Chelsea,2019-01-19,17:30:00,Matchweek 23,Sat,Home,W,2,0,Chelsea,1.5,0.9,36,59979,Laurent Koscielny,4-1-2-1-2◆,4-3-3,Anthony Taylor,/en/matches/edb777b6/North-West-London-Derby-Arsenal-Chelsea-January-19-2019-Premier-League,
ENG-Premier League,1819,Arsenal,2019-01-29 Arsenal-Cardiff City,2019-01-29,19:45:00,Matchweek 24,Tue,Home,W,2,1,Cardiff City,2.6,0.8,70,59933,Mesut Özil,4-3-1-2,3-5-2,Mike Dean,/en/matches/f37ab33c/Arsenal-Cardiff-City-January-29-2019-Premier-League,
ENG-Premier League,1819,Arsenal,2019-02-03 Manchester City-Arsenal,2019-02-03,16:30:00,Matchweek 25,Sun,Away,L,1,3,Manchester City,0.7,2.7,41,54483,Laurent Koscielny,4-4-2,4-3-3,Martin Atkinson,/en/matches/dba05e48/Manchester-City-Arsenal-February-3-2019-Premier-League,
ENG-Premier League,1819,Arsenal,2019-02-09 Huddersfield-Arsenal,2019-02-09,15:00:00,Matchweek 26,Sat,Away,W,2,1,Huddersfield,1.4,1.6,45,24182,Laurent Koscielny,3-4-3,4-1-2-1-2,Jonathan Moss,/en/matches/99562ab3/Huddersfield-Town-Arsenal-February-9-2019-Premier-League,
ENG-Premier League,1819,Arsenal,2019-02-24 Arsenal-Southampton,2019-02-24,14:05:00,Matchweek 27,Sun,Home,W,2,0,Southampton,2.1,0.8,62,59877,Aaron Ramsey,4-2-3-1,3-5-1-1,Graham Scott,/en/matches/1f6dfbb4/Arsenal-Southampton-February-24-2019-Premier-League,
ENG-Premier League,1819,Arsenal,2019-02-27 Arsenal-Bournemouth,2019-02-27,19:45:00,Matchweek 28,Wed,Home,W,5,1,Bournemouth,2.5,0.9,64,59618,Laurent Koscielny,3-4-3,4-4-2,Chris Kavanagh,/en/matches/59600e66/Arsenal-Bournemouth-February-27-2019-Premier-League,
ENG-Premier League,1819,Arsenal,2019-03-02 Tottenham-Arsenal,2019-03-02,12:30:00,Matchweek 29,Sat,Away,D,1,1,Tottenham,2.6,1.6,40,81332,Laurent Koscielny,4-2-3-1,3-4-1-2,Anthony Taylor,/en/matches/72ed853c/North-London-Derby-Tottenham-Hotspur-Arsenal-March-2-2019-Premier-League,
ENG-Premier League,1819,Arsenal,2019-03-10 Arsenal-Manchester Utd,2019-03-10,16:30:00,Matchweek 30,Sun,Home,W,2,0,Manchester Utd,1.7,2.3,46,60000,Laurent Koscielny,3-4-1-2,4-4-2,Jonathan Moss,/en/matches/6a9904c8/Arsenal-Manchester-United-March-10-2019-Premier-League,
ENG-Premier League,1819,Arsenal,2019-04-01 Arsenal-Newcastle Utd,2019-04-01,20:00:00,Matchweek 32,Mon,Home,W,2,0,Newcastle Utd,0.8,0.1,70,59869,Aaron Ramsey,3-4-3,5-4-1,Anthony Taylor,/en/matches/5bf58a42/Arsenal-Newcastle-United-April-1-2019-Premier-League,
ENG-Premier League,1819,Arsenal,2019-04-07 Everton-Arsenal,2019-04-07,14:05:00,Matchweek 33,Sun,Away,L,0,1,Everton,0.3,2.4,57,39400,Mesut Özil,3-4-3,4-2-3-1,Kevin Friend,/en/matches/2da6911d/Everton-Arsenal-April-7-2019-Premier-League,
ENG-Premier League,1819,Arsenal,2019-04-15 Watford-Arsenal,2019-04-15,20:00:00,Matchweek 34,Mon,Away,W,1,0,Watford,2.3,1.0,65,20480,Laurent Koscielny,4-2-3-1,3-5-2,Craig Pawson,/en/matches/b3f8966d/Watford-Arsenal-April-15-2019-Premier-League,
ENG-Premier League,1819,Arsenal,2019-04-21 Arsenal-Crystal Palace,2019-04-21,16:00:00,Matchweek 35,Sun,Home,L,2,3,Crystal Palace,1.2,1.6,72,59929,Laurent Koscielny,3-4-1-2,4-4-2,Jonathan Moss,/en/matches/e379285b/Arsenal-Crystal-Palace-April-21-2019-Premier-League,
ENG-Premier League,1819,Arsenal,2019-04-24 Wolves-Arsenal,2019-04-24,19:45:00,Matchweek 31,Wed,Away,L,1,3,Wolves,0.8,1.2,70,31436,Laurent Koscielny,4-2-3-1,3-5-2,Stuart Attwell,/en/matches/199f42bd/Wolverhampton-Wanderers-Arsenal-April-24-2019-Premier-League,
ENG-Premier League,1819,Arsenal,2019-04-28 Leicester City-Arsenal,2019-04-28,12:00:00,Matchweek 36,Sun,Away,L,0,3,Leicester City,0.6,3.3,34,32037,Granit Xhaka,4-4-2,4-1-4-1,Michael Oliver,/en/matches/373a22ae/Leicester-City-Arsenal-April-28-2019-Premier-League,
ENG-Premier League,1819,Arsenal,2019-05-05 Arsenal-Brighton,2019-05-05,16:30:00,Matchweek 37,Sun,Home,D,1,1,Brighton,2.4,1.9,70,59965,Mesut Özil,4-3-1-2,4-5-1,Anthony Taylor,/en/matches/0fdf10d7/Arsenal-Brighton-and-Hove-Albion-May-5-2019-Premier-League,
ENG-Premier League,1819,Arsenal,2019-05-12 Burnley-Arsenal,2019-05-12,15:00:00,Matchweek 38,Sun,Away,W,3,1,Burnley,2.7,1.7,60,21461,Nacho Monreal,4-2-3-1,4-4-2,Mike Dean,/en/matches/302b231e/Burnley-Arsenal-May-12-2019-Premier-League,
ENG-Premier League,1920,Arsenal,2019-08-11 Newcastle Utd-Arsenal,2019-08-11,14:00:00,Matchweek 1,Sun,Away,W,1,0,Newcastle Utd,1.1,0.4,62,47635,Granit Xhaka,4-2-3-1,3-5-2,Martin Atkinson,/en/matches/1405a610/Newcastle-United-Arsenal-August-11-2019-Premier-League,
ENG-Premier League,1920,Arsenal,2019-08-17 Arsenal-Burnley,2019-08-17,12:30:00,Matchweek 2,Sat,Home,W,2,1,Burnley,0.8,1.5,67,60214,Nacho Monreal,4-2-3-1,4-4-2,Mike Dean,/en/matches/ff7eda21/Arsenal-Burnley-August-17-2019-Premier-League,
ENG-Premier League,1920,Arsenal,2019-08-24 Liverpool-Arsenal,2019-08-24,17:30:00,Matchweek 3,Sat,Away,L,1,3,Liverpool,1.0,2.5,48,53298,Granit Xhaka,4-3-1-2,4-3-3,Anthony Taylor,/en/matches/102b241e/Liverpool-Arsenal-August-24-2019-Premier-League,
ENG-Premier League,1920,Arsenal,2019-09-01 Arsenal-Tottenham,2019-09-01,16:30:00,Matchweek 4,Sun,Home,D,2,2,Tottenham,2.4,2.0,55,60333,Granit Xhaka,4-3-3,4-2-2-2,Martin Atkinson,/en/matches/0b6b8aaf/North-London-Derby-Arsenal-Tottenham-Hotspur-September-1-2019-Premier-League,
ENG-Premier League,1920,Arsenal,2019-09-15 Watford-Arsenal,2019-09-15,16:30:00,Matchweek 5,Sun,Away,D,2,2,Watford,0.8,2.7,48,21360,Granit Xhaka,4-1-2-1-2◆,4-2-3-1,Anthony Taylor,/en/matches/8257eda8/Watford-Arsenal-September-15-2019-Premier-League,
ENG-Premier League,1920,Arsenal,2019-09-22 Arsenal-Aston Villa,2019-09-22,16:30:00,Matchweek 6,Sun,Home,W,3,2,Aston Villa,2.4,1.5,58,60331,Granit Xhaka,4-2-3-1,4-3-3,Jonathan Moss,/en/matches/d5fa0563/Arsenal-Aston-Villa-September-22-2019-Premier-League,
ENG-Premier League,1920,Arsenal,2019-09-30 Manchester Utd-Arsenal,2019-09-30,20:00:00,Matchweek 7,Mon,Away,D,1,1,Manchester Utd,1.9,0.9,45,73201,Granit Xhaka,4-3-3,4-2-3-1,Kevin Friend,/en/matches/ce7501cd/Manchester-United-Arsenal-September-30-2019-Premier-League,
ENG-Premier League,1920,Arsenal,2019-10-06 Arsenal-Bournemouth,2019-10-06,14:00:00,Matchweek 8,Sun,Home,W,1,0,Bournemouth,1.2,0.6,53,60326,Granit Xhaka,4-2-3-1,4-4-2,Martin Atkinson,/en/matches/9575566f/Arsenal-Bournemouth-October-6-2019-Premier-League,
ENG-Premier League,1920,Arsenal,2019-10-21 Sheffield Utd-Arsenal,2019-10-21,20:00:00,Matchweek 9,Mon,Away,L,0,1,Sheffield Utd,1.0,0.9,67,30775,Granit Xhaka,4-2-3-1,3-5-2,Mike Dean,/en/matches/f63044fd/Sheffield-United-Arsenal-October-21-2019-Premier-League,
ENG-Premier League,1920,Arsenal,2019-10-27 Arsenal-Crystal Palace,2019-10-27,16:30:00,Matchweek 10,Sun,Home,D,2,2,Crystal Palace,1.3,1.6,56,60345,Granit Xhaka,4-4-2,4-5-1,Martin Atkinson,/en/matches/077b30ff/Arsenal-Crystal-Palace-October-27-2019-Premier-League,
ENG-Premier League,1920,Arsenal,2019-11-02 Arsenal-Wolves,2019-11-02,15:00:00,Matchweek 11,Sat,Home,D,1,1,Wolves,0.9,1.8,57,60383,Pierre-Emerick Aubameyang,4-3-1-2,3-4-3,Michael Oliver,/en/matches/a3427b2c/Arsenal-Wolverhampton-Wanderers-November-2-2019-Premier-League,
ENG-Premier League,1920,Arsenal,2019-11-09 Leicester City-Arsenal,2019-11-09,17:30:00,Matchweek 12,Sat,Away,L,0,2,Leicester City,1.0,1.2,49,32209,Pierre-Emerick Aubameyang,3-4-1-2,4-1-4-1,Chris Kavanagh,/en/matches/8e13e609/Leicester-City-Arsenal-November-9-2019-Premier-League,
ENG-Premier League,1920,Arsenal,2019-11-23 Arsenal-Southampton,2019-11-23,15:00:00,Matchweek 13,Sat,Home,D,2,2,Southampton,1.8,2.4,61,60295,Pierre-Emerick Aubameyang,3-4-1-2,4-4-2,Stuart Attwell,/en/matches/19a8b14e/Arsenal-Southampton-November-23-2019-Premier-League,
ENG-Premier League,1920,Arsenal,2019-12-01 Norwich City-Arsenal,2019-12-01,14:00:00,Matchweek 14,Sun,Away,D,2,2,Norwich City,1.9,0.8,60,27067,Pierre-Emerick Aubameyang,4-2-3-1,4-2-3-1,Paul Tierney,/en/matches/39fce32e/Norwich-City-Arsenal-December-1-2019-Premier-League,
ENG-Premier League,1920,Arsenal,2019-12-05 Arsenal-Brighton,2019-12-05,20:15:00,Matchweek 15,Thu,Home,L,1,2,Brighton,0.9,1.7,50,60164,Pierre-Emerick Aubameyang,4-2-3-1,4-1-2-1-2,Graham Scott,/en/matches/372828cb/Arsenal-Brighton-and-Hove-Albion-December-5-2019-Premier-League,
ENG-Premier League,1920,Arsenal,2019-12-09 West Ham-Arsenal,2019-12-09,20:00:00,Matchweek 16,Mon,Away,W,3,1,West Ham,1.4,0.6,64,59936,Pierre-Emerick Aubameyang,4-2-3-1,4-4-1-1,Mike Dean,/en/matches/a48c4638/West-Ham-United-Arsenal-December-9-2019-Premier-League,
ENG-Premier League,1920,Arsenal,2019-12-15 Arsenal-Manchester City,2019-12-15,16:30:00,Matchweek 17,Sun,Home,L,0,3,Manchester City,0.5,1.3,43,60031,Pierre-Emerick Aubameyang,4-2-3-1,4-2-3-1,Paul Tierney,/en/matches/bed05936/Arsenal-Manchester-City-December-15-2019-Premier-League,
ENG-Premier League,1920,Arsenal,2019-12-21 Everton-Arsenal,2019-12-21,12:30:00,Matchweek 18,Sat,Away,D,0,0,Everton,0.6,0.5,57,39336,Pierre-Emerick Aubameyang,4-2-3-1,4-4-2,Kevin Friend,/en/matches/b9d1d1a7/Everton-Arsenal-December-21-2019-Premier-League,
ENG-Premier League,1920,Arsenal,2019-12-26 Bournemouth-Arsenal,2019-12-26,15:00:00,Matchweek 19,Thu,Away,D,1,1,Bournemouth,1.4,2.0,60,10234,Pierre-Emerick Aubameyang,4-2-3-1,4-5-1,Stuart Attwell,/en/matches/5b1ecf02/Bournemouth-Arsenal-December-26-2019-Premier-League,
ENG-Premier League,1920,Arsenal,2019-12-29 Arsenal-Chelsea,2019-12-29,14:00:00,Matchweek 20,Sun,Home,L,1,2,Chelsea,0.5,1.4,42,60309,Pierre-Emerick Aubameyang,4-2-3-1,3-4-3,Craig Pawson,/en/matches/850e18c6/North-West-London-Derby-Arsenal-Chelsea-December-29-2019-Premier-League,
ENG-Premier League,1920,Arsenal,2020-01-01 Arsenal-Manchester Utd,2020-01-01,20:00:00,Matchweek 21,Wed,Home,W,2,0,Manchester Utd,1.5,0.7,49,60328,Pierre-Emerick Aubameyang,4-2-3-1,4-2-3-1,Chris Kavanagh,/en/matches/f6b7d570/Arsenal-Manchester-United-January-1-2020-Premier-League,
ENG-Premier League,1920,Arsenal,2020-01-11 Crystal Palace-Arsenal,2020-01-11,12:30:00,Matchweek 22,Sat,Away,D,1,1,Crystal Palace,1.4,0.6,57,25468,Pierre-Emerick Aubameyang,4-2-3-1,4-5-1,Paul Tierney,/en/matches/e1fdc1f9/Crystal-Palace-Arsenal-January-11-2020-Premier-League,
ENG-Premier League,1920,Arsenal,2020-01-18 Arsenal-Sheffield Utd,2020-01-18,15:00:00,Matchweek 23,Sat,Home,D,1,1,Sheffield Utd,1.4,0.8,61,60310,Alexandre Lacazette,4-2-3-1,3-5-2,Mike Dean,/en/matches/0333a4b6/Arsenal-Sheffield-United-January-18-2020-Premier-League,
ENG-Premier League,1920,Arsenal,2020-01-21 Chelsea-Arsenal,2020-01-21,20:15:00,Matchweek 24,Tue,Away,D,2,2,Chelsea,0.4,2.9,42,40577,Héctor Bellerín,4-2-3-1,4-3-3,Stuart Attwell,/en/matches/38d058ad/North-West-London-Derby-Chelsea-Arsenal-January-21-2020-Premier-League,
ENG-Premier League,1920,Arsenal,2020-02-02 Burnley-Arsenal,2020-02-02,14:00:00,Matchweek 25,Sun,Away,D,0,0,Burnley,1.2,1.9,56,21048,Pierre-Emerick Aubameyang,4-2-3-1,4-4-2,Chris Kavanagh,/en/matches/a6b40849/Burnley-Arsenal-February-2-2020-Premier-League,
ENG-Premier League,1920,Arsenal,2020-02-16 Arsenal-Newcastle Utd,2020-02-16,16:30:00,Matchweek 26,Sun,Home,W,4,0,Newcastle Utd,2.6,0.9,68,60188,Pierre-Emerick Aubameyang,4-2-3-1,5-4-1,Lee Mason,/en/matches/6ce374b0/Arsenal-Newcastle-United-February-16-2020-Premier-League,
ENG-Premier League,1920,Arsenal,2020-02-23 Arsenal-Everton,2020-02-23,16:30:00,Matchweek 27,Sun,Home,W,3,2,Everton,1.3,2.7,51,60296,Pierre-Emerick Aubameyang,4-2-3-1,4-4-2,Stuart Attwell,/en/matches/485003ed/Arsenal-Everton-February-23-2020-Premier-League,
ENG-Premier League,1920,Arsenal,2020-03-07 Arsenal-West Ham,2020-03-07,15:00:00,Matchweek 29,Sat,Home,W,1,0,West Ham,1.2,1.5,68,60335,Pierre-Emerick Aubameyang,4-2-3-1,4-4-2,Martin Atkinson,/en/matches/bf382825/Arsenal-West-Ham-United-March-7-2020-Premier-League,
ENG-Premier League,1920,Arsenal,2020-06-17 Manchester City-Arsenal,2020-06-17,20:15:00,Matchweek 28,Wed,Away,L,0,3,Manchester City,0.3,2.6,33,,Pierre-Emerick Aubameyang,4-3-2-1,4-3-3,Anthony Taylor,/en/matches/5825b217/Manchester-City-Arsenal-June-17-2020-Premier-League,
ENG-Premier League,1920,Arsenal,2020-06-20 Brighton-Arsenal,2020-06-20,15:00:00,Matchweek 30,Sat,Away,L,1,2,Brighton,0.8,1.0,59,,Pierre-Emerick Aubameyang,4-3-3,4-2-3-1,Martin Atkinson,/en/matches/1abcdcde/Brighton-and-Hove-Albion-Arsenal-June-20-2020-Premier-League,
ENG-Premier League,1920,Arsenal,2020-06-25 Southampton-Arsenal,2020-06-25,18:00:00,Matchweek 31,Thu,Away,W,2,0,Southampton,1.9,0.9,47,,Pierre-Emerick Aubameyang,3-4-3,4-4-2,Graham Scott,/en/matches/38757aa1/Southampton-Arsenal-June-25-2020-Premier-League,
ENG-Premier League,1920,Arsenal,2020-07-01 Arsenal-Norwich City,2020-07-01,18:00:00,Matchweek 32,Wed,Home,W,4,0,Norwich City,1.5,0.3,51,,Pierre-Emerick Aubameyang,3-4-3,4-1-4-1,Peter Bankes,/en/matches/cb52b4c8/Arsenal-Norwich-City-July-1-2020-Premier-League,
ENG-Premier League,1920,Arsenal,2020-07-04 Wolves-Arsenal,2020-07-04,17:30:00,Matchweek 33,Sat,Away,W,2,0,Wolves,1.3,1.2,47,,Pierre-Emerick Aubameyang,3-4-3,3-5-2,Michael Oliver,/en/matches/df13ee5b/Wolverhampton-Wanderers-Arsenal-July-4-2020-Premier-League,
ENG-Premier League,1920,Arsenal,2020-07-07 Arsenal-Leicester City,2020-07-07,20:15:00,Matchweek 34,Tue,Home,D,1,1,Leicester City,1.1,0.9,39,,Pierre-Emerick Aubameyang,3-4-3,3-4-3,Chris Kavanagh,/en/matches/a26b0a22/Arsenal-Leicester-City-July-7-2020-Premier-League,
ENG-Premier League,1920,Arsenal,2020-07-12 Tottenham-Arsenal,2020-07-12,16:30:00,Matchweek 35,Sun,Away,L,1,2,Tottenham,0.6,2.0,62,,Pierre-Emerick Aubameyang,3-4-3,4-4-1-1,Michael Oliver,/en/matches/6630c721/North-London-Derby-Tottenham-Hotspur-Arsenal-July-12-2020-Premier-League,
ENG-Premier League,1920,Arsenal,2020-07-15 Arsenal-Liverpool,2020-07-15,20:15:00,Matchweek 36,Wed,Home,W,2,1,Liverpool,0.8,2.1,32,,Alexandre Lacazette,3-4-3,4-3-3,Paul Tierney,/en/matches/12f95828/Arsenal-Liverpool-July-15-2020-Premier-League,
ENG-Premier League,1920,Arsenal,2020-07-21 Aston Villa-Arsenal,2020-07-21,20:15:00,Matchweek 37,Tue,Away,L,0,1,Aston Villa,0.6,0.6,69,,Pierre-Emerick Aubameyang,3-4-3,4-3-3,Chris Kavanagh,/en/matches/ca0b21bc/Aston-Villa-Arsenal-July-21-2020-Premier-League,
ENG-Premier League,1920,Arsenal,2020-07-26 Arsenal-Watford,2020-07-26,16:00:00,Matchweek 38,Sun,Home,W,3,2,Watford,2.3,3.7,50,,Pierre-Emerick Aubameyang,4-2-3-1,4-2-2-2,Mike Dean,/en/matches/5ecaeb4b/Arsenal-Watford-July-26-2020-Premier-League,
ENG-Premier League,2021,Arsenal,2020-09-12 Fulham-Arsenal,2020-09-12,12:30:00,Matchweek 1,Sat,Away,W,3,0,Fulham,1.9,0.1,54,,Pierre-Emerick Aubameyang,3-4-3,4-2-3-1,Chris Kavanagh,/en/matches/bf52349b/Fulham-Arsenal-September-12-2020-Premier-League,
ENG-Premier League,2021,Arsenal,2020-09-19 Arsenal-West Ham,2020-09-19,20:00:00,Matchweek 2,Sat,Home,W,2,1,West Ham,1.1,2.0,62,,Pierre-Emerick Aubameyang,3-4-3,5-4-1,Michael Oliver,/en/matches/f4835ec2/Arsenal-West-Ham-United-September-19-2020-Premier-League,
ENG-Premier League,2021,Arsenal,2020-09-28 Liverpool-Arsenal,2020-09-28,20:00:00,Matchweek 3,Mon,Away,L,1,3,Liverpool,1.3,2.7,34,,Pierre-Emerick Aubameyang,3-4-3,4-3-3,Craig Pawson,/en/matches/ebe4e309/Liverpool-Arsenal-September-28-2020-Premier-League,
ENG-Premier League,2021,Arsenal,2020-10-04 Arsenal-Sheffield Utd,2020-10-04,14:00:00,Matchweek 4,Sun,Home,W,2,1,Sheffield Utd,0.6,0.2,64,,Pierre-Emerick Aubameyang,4-3-3,3-5-2,Lee Mason,/en/matches/09725cb3/Arsenal-Sheffield-United-October-4-2020-Premier-League,
ENG-Premier League,2021,Arsenal,2020-10-17 Manchester City-Arsenal,2020-10-17,17:30:00,Matchweek 5,Sat,Away,L,0,1,Manchester City,0.9,1.3,42,,Pierre-Emerick Aubameyang,4-3-3,3-1-4-2,Chris Kavanagh,/en/matches/e95b8546/Manchester-City-Arsenal-October-17-2020-Premier-League,
ENG-Premier League,2021,Arsenal,2020-10-25 Arsenal-Leicester City,2020-10-25,19:15:00,Matchweek 6,Sun,Home,L,0,1,Leicester City,0.7,0.7,56,,Pierre-Emerick Aubameyang,3-4-3,3-4-3,Craig Pawson,/en/matches/bcd3a9b4/Arsenal-Leicester-City-October-25-2020-Premier-League,
ENG-Premier League,2021,Arsenal,2020-11-01 Manchester Utd-Arsenal,2020-11-01,16:30:00,Matchweek 7,Sun,Away,W,1,0,Manchester Utd,1.0,0.4,46,,Pierre-Emerick Aubameyang,3-4-3,4-1-2-1-2,Mike Dean,/en/matches/75dd1359/Manchester-United-Arsenal-November-1-2020-Premier-League,
ENG-Premier League,2021,Arsenal,2020-11-08 Arsenal-Aston Villa,2020-11-08,19:15:00,Matchweek 8,Sun,Home,L,0,3,Aston Villa,1.5,1.8,59,,Pierre-Emerick Aubameyang,3-4-3,4-2-3-1,Martin Atkinson,/en/matches/90fd3597/Arsenal-Aston-Villa-November-8-2020-Premier-League,
ENG-Premier League,2021,Arsenal,2020-11-22 Leeds United-Arsenal,2020-11-22,16:30:00,Matchweek 9,Sun,Away,D,0,0,Leeds United,0.9,1.8,34,,Pierre-Emerick Aubameyang,4-2-3-1,4-1-4-1,Anthony Taylor,/en/matches/0dd6b39b/Leeds-United-Arsenal-November-22-2020-Premier-League,
ENG-Premier League,2021,Arsenal,2020-11-29 Arsenal-Wolves,2020-11-29,19:15:00,Matchweek 10,Sun,Home,L,1,2,Wolves,1.5,1.8,56,,Pierre-Emerick Aubameyang,4-2-3-1,4-2-3-1,Michael Oliver,/en/matches/fa17687c/Arsenal-Wolverhampton-Wanderers-November-29-2020-Premier-League,
ENG-Premier League,2021,Arsenal,2020-12-06 Tottenham-Arsenal,2020-12-06,16:30:00,Matchweek 11,Sun,Away,L,0,2,Tottenham,0.6,0.3,69,2000,Pierre-Emerick Aubameyang,4-2-3-1,4-2-3-1,Martin Atkinson,/en/matches/35abfa2f/North-London-Derby-Tottenham-Hotspur-Arsenal-December-6-2020-Premier-League,
ENG-Premier League,2021,Arsenal,2020-12-13 Arsenal-Burnley,2020-12-13,19:15:00,Matchweek 12,Sun,Home,L,0,1,Burnley,1.6,1.4,65,2000,Pierre-Emerick Aubameyang,4-2-3-1,4-4-1-1,Graham Scott,/en/matches/e4dc55d0/Arsenal-Burnley-December-13-2020-Premier-League,
ENG-Premier League,2021,Arsenal,2020-12-16 Arsenal-Southampton,2020-12-16,18:00:00,Matchweek 13,Wed,Home,D,1,1,Southampton,0.6,1.2,36,,Pierre-Emerick Aubameyang,3-4-3,4-4-2,Paul Tierney,/en/matches/0ceceee4/Arsenal-Southampton-December-16-2020-Premier-League,
ENG-Premier League,2021,Arsenal,2020-12-19 Everton-Arsenal,2020-12-19,17:30:00,Matchweek 14,Sat,Away,L,1,2,Everton,1.4,0.6,57,,Rob Holding,3-4-3,4-2-3-1,Andre Marriner,/en/matches/72fa1993/Everton-Arsenal-December-19-2020-Premier-League,
ENG-Premier League,2021,Arsenal,2020-12-26 Arsenal-Chelsea,2020-12-26,17:30:00,Matchweek 15,Sat,Home,W,3,1,Chelsea,2.0,2.6,40,,Héctor Bellerín,4-2-3-1,4-3-3,Michael Oliver,/en/matches/c5de8a0c/North-West-London-Derby-Arsenal-Chelsea-December-26-2020-Premier-League,
ENG-Premier League,2021,Arsenal,2020-12-29 Brighton-Arsenal,2020-12-29,18:00:00,Matchweek 16,Tue,Away,W,1,0,Brighton,1.1,0.8,50,,Pierre-Emerick Aubameyang,4-2-3-1,3-5-2,Martin Atkinson,/en/matches/fdca0bef/Brighton-and-Hove-Albion-Arsenal-December-29-2020-Premier-League,
ENG-Premier League,2021,Arsenal,2021-01-02 West Brom-Arsenal,2021-01-02,20:00:00,Matchweek 17,Sat,Away,W,4,0,West Brom,3.7,1.0,61,,Pierre-Emerick Aubameyang,4-2-3-1,4-4-1-1,Martin Atkinson,/en/matches/a56531b0/West-Bromwich-Albion-Arsenal-January-2-2021-Premier-League,
ENG-Premier League,2021,Arsenal,2021-01-14 Arsenal-Crystal Palace,2021-01-14,20:00:00,Matchweek 18,Thu,Home,D,0,0,Crystal Palace,0.4,0.8,67,,Pierre-Emerick Aubameyang,4-2-3-1,4-4-2,Andre Marriner,/en/matches/0476b43a/Arsenal-Crystal-Palace-January-14-2021-Premier-League,
ENG-Premier League,2021,Arsenal,2021-01-18 Arsenal-Newcastle Utd,2021-01-18,20:00:00,Matchweek 19,Mon,Home,W,3,0,Newcastle Utd,2.4,0.2,66,,Pierre-Emerick Aubameyang,4-2-3-1,4-4-2,David Coote,/en/matches/620df215/Arsenal-Newcastle-United-January-18-2021-Premier-League,
ENG-Premier League,2021,Arsenal,2021-01-26 Southampton-Arsenal,2021-01-26,20:15:00,Matchweek 20,Tue,Away,W,3,1,Southampton,2.2,0.8,42,,Héctor Bellerín,4-2-3-1,4-4-2,Kevin Friend,/en/matches/ac54f8a6/Southampton-Arsenal-January-26-2021-Premier-League,
ENG-Premier League,2021,Arsenal,2021-01-30 Arsenal-Manchester Utd,2021-01-30,17:30:00,Matchweek 21,Sat,Home,D,0,0,Manchester Utd,0.9,1.6,43,,Héctor Bellerín,4-2-3-1,4-2-3-1,Michael Oliver,/en/matches/0fcaaa5f/Arsenal-Manchester-United-January-30-2021-Premier-League,
ENG-Premier League,2021,Arsenal,2021-02-02 Wolves-Arsenal,2021-02-02,18:00:00,Matchweek 22,Tue,Away,L,1,2,Wolves,0.8,1.5,45,,Héctor Bellerín,4-2-3-1,4-2-3-1,Craig Pawson,/en/matches/558fa672/Wolverhampton-Wanderers-Arsenal-February-2-2021-Premier-League,
ENG-Premier League,2021,Arsenal,2021-02-06 Aston Villa-Arsenal,2021-02-06,12:30:00,Matchweek 23,Sat,Away,L,0,1,Aston Villa,0.8,1.2,65,,Héctor Bellerín,4-2-3-1,4-2-3-1,Chris Kavanagh,/en/matches/224bcfc4/Aston-Villa-Arsenal-February-6-2021-Premier-League,
ENG-Premier League,2021,Arsenal,2021-02-14 Arsenal-Leeds United,2021-02-14,16:30:00,Matchweek 24,Sun,Home,W,4,2,Leeds United,2.3,0.9,46,,Pierre-Emerick Aubameyang,4-2-3-1,4-1-4-1,Stuart Attwell,/en/matches/85624e5e/Arsenal-Leeds-United-February-14-2021-Premier-League,
ENG-Premier League,2021,Arsenal,2021-02-21 Arsenal-Manchester City,2021-02-21,16:30:00,Matchweek 25,Sun,Home,L,0,1,Manchester City,0.3,1.8,45,,Pierre-Emerick Aubameyang,4-2-3-1,4-3-3,Jonathan Moss,/en/matches/2dedf408/Arsenal-Manchester-City-February-21-2021-Premier-League,
ENG-Premier League,2021,Arsenal,2021-02-28 Leicester City-Arsenal,2021-02-28,12:00:00,Matchweek 26,Sun,Away,W,3,1,Leicester City,2.3,0.4,56,,Alexandre Lacazette,4-2-3-1,4-4-2,Paul Tierney,/en/matches/88b309f1/Leicester-City-Arsenal-February-28-2021-Premier-League,
ENG-Premier League,2021,Arsenal,2021-03-06 Burnley-Arsenal,2021-03-06,12:30:00,Matchweek 27,Sat,Away,D,1,1,Burnley,2.5,1.1,59,,Pierre-Emerick Aubameyang,4-2-3-1,4-4-2,Andre Marriner,/en/matches/db9a5ac8/Burnley-Arsenal-March-6-2021-Premier-League,
ENG-Premier League,2021,Arsenal,2021-03-14 Arsenal-Tottenham,2021-03-14,16:30:00,Matchweek 28,Sun,Home,W,2,1,Tottenham,1.7,0.4,52,,Alexandre Lacazette,4-2-3-1,4-2-3-1,Michael Oliver,/en/matches/127b8258/North-London-Derby-Arsenal-Tottenham-Hotspur-March-14-2021-Premier-League,
ENG-Premier League,2021,Arsenal,2021-03-21 West Ham-Arsenal,2021-03-21,15:00:00,Matchweek 29,Sun,Away,D,3,3,West Ham,1.4,2.4,62,,Pierre-Emerick Aubameyang,4-2-3-1,4-2-3-1,Jonathan Moss,/en/matches/c592a3d7/West-Ham-United-Arsenal-March-21-2021-Premier-League,
ENG-Premier League,2021,Arsenal,2021-04-03 Arsenal-Liverpool,2021-04-03,20:00:00,Matchweek 30,Sat,Home,L,0,3,Liverpool,0.1,2.4,36,,Pierre-Emerick Aubameyang,4-2-3-1,4-3-3,Stuart Attwell,/en/matches/562d1981/Arsenal-Liverpool-April-3-2021-Premier-League,
ENG-Premier League,2021,Arsenal,2021-04-11 Sheffield Utd-Arsenal,2021-04-11,19:00:00,Matchweek 31,Sun,Away,W,3,0,Sheffield Utd,1.7,0.3,55,,Alexandre Lacazette,4-2-3-1,3-5-2,Peter Bankes,/en/matches/34395b54/Sheffield-United-Arsenal-April-11-2021-Premier-League,
ENG-Premier League,2021,Arsenal,2021-04-18 Arsenal-Fulham,2021-04-18,13:30:00,Matchweek 32,Sun,Home,D,1,1,Fulham,2.7,0.9,69,,Héctor Bellerín,4-2-3-1,4-4-2,Craig Pawson,/en/matches/a19ff865/Arsenal-Fulham-April-18-2021-Premier-League,
ENG-Premier League,2021,Arsenal,2021-04-23 Arsenal-Everton,2021-04-23,20:00:00,Matchweek 33,Fri,Home,L,0,1,Everton,0.8,0.5,59,,Rob Holding,4-2-3-1,4-2-3-1,Jonathan Moss,/en/matches/30f36320/Arsenal-Everton-April-23-2021-Premier-League,
ENG-Premier League,2021,Arsenal,2021-05-02 Newcastle Utd-Arsenal,2021-05-02,14:00:00,Matchweek 34,Sun,Away,W,2,0,Newcastle Utd,2.0,0.3,61,,Pierre-Emerick Aubameyang,4-2-3-1,5-3-2,Mike Dean,/en/matches/af2c27de/Newcastle-United-Arsenal-May-2-2021-Premier-League,
ENG-Premier League,2021,Arsenal,2021-05-09 Arsenal-West Brom,2021-05-09,19:00:00,Matchweek 35,Sun,Home,W,3,1,West Brom,0.9,1.8,65,,Rob Holding,4-2-3-1,4-4-1-1,Peter Bankes,/en/matches/49369ed5/Arsenal-West-Bromwich-Albion-May-9-2021-Premier-League,
ENG-Premier League,2021,Arsenal,2021-05-12 Chelsea-Arsenal,2021-05-12,20:15:00,Matchweek 36,Wed,Away,W,1,0,Chelsea,0.6,1.8,33,,Pierre-Emerick Aubameyang,3-4-3,3-4-3,Andre Marriner,/en/matches/51632a55/North-West-London-Derby-Chelsea-Arsenal-May-12-2021-Premier-League,
ENG-Premier League,2021,Arsenal,2021-05-19 Crystal Palace-Arsenal,2021-05-19,19:00:00,Matchweek 37,Wed,Away,W,3,1,Crystal Palace,1.8,1.0,68,6500,Pierre-Emerick Aubameyang,4-2-3-1,4-3-3,Anthony Taylor,/en/matches/624e6758/Crystal-Palace-Arsenal-May-19-2021-Premier-League,
ENG-Premier League,2021,Arsenal,2021-05-23 Arsenal-Brighton,2021-05-23,16:00:00,Matchweek 38,Sun,Home,W,2,0,Brighton,0.8,0.2,54,10000,Pierre-Emerick Aubameyang,4-2-3-1,4-3-3,Jonathan Moss,/en/matches/9f6c52f8/Arsenal-Brighton-and-Hove-Albion-May-23-2021-Premier-League,
ENG-Premier League,2223,Arsenal,2022-08-05 Crystal Palace-Arsenal,2022-08-05,20:00:00,Matchweek 1,Fri,Away,W,2,0,Crystal Palace,1.0,1.2,44,25286,Martin Ødegaard,4-3-3,4-2-3-1,Anthony Taylor,/en/matches/e62f6e78/Crystal-Palace-Arsenal-August-5-2022-Premier-League,
ENG-Premier League,2223,Arsenal,2022-08-13 Arsenal-Leicester City,2022-08-13,15:00:00,Matchweek 2,Sat,Home,W,4,2,Leicester City,2.7,0.5,50,60033,Martin Ødegaard,4-3-3,3-5-1-1,Darren England,/en/matches/7483b97f/Arsenal-Leicester-City-August-13-2022-Premier-League,
ENG-Premier League,2223,Arsenal,2022-08-20 Bournemouth-Arsenal,2022-08-20,17:30:00,Matchweek 3,Sat,Away,W,3,0,Bournemouth,1.3,0.3,57,10423,Martin Ødegaard,4-3-3,3-1-4-2,Craig Pawson,/en/matches/7f11dd9e/Bournemouth-Arsenal-August-20-2022-Premier-League,
ENG-Premier League,2223,Arsenal,2022-08-27 Arsenal-Fulham,2022-08-27,17:30:00,Matchweek 4,Sat,Home,W,2,1,Fulham,2.6,0.8,71,60164,Martin Ødegaard,4-3-3,4-2-3-1,Jarred Gillett,/en/matches/8b69fd2d/Arsenal-Fulham-August-27-2022-Premier-League,
ENG-Premier League,2223,Arsenal,2022-08-31 Arsenal-Aston Villa,2022-08-31,19:30:00,Matchweek 5,Wed,Home,W,2,1,Aston Villa,2.4,0.4,59,60012,Martin Ødegaard,4-3-3,4-3-3,Robert Jones,/en/matches/cc235aad/Arsenal-Aston-Villa-August-31-2022-Premier-League,
ENG-Premier League,2223,Arsenal,2022-09-04 Manchester Utd-Arsenal,2022-09-04,16:30:00,Matchweek 6,Sun,Away,L,1,3,Manchester Utd,1.3,1.5,60,73431,Martin Ødegaard,4-3-3,4-2-3-1,Paul Tierney,/en/matches/61ddafa5/Manchester-United-Arsenal-September-4-2022-Premier-League,
ENG-Premier League,2223,Arsenal,2022-09-18 Brentford-Arsenal,2022-09-18,12:00:00,Matchweek 8,Sun,Away,W,3,0,Brentford,1.5,0.5,63,17122,Granit Xhaka,4-3-3,3-5-2,David Coote,/en/matches/fd5626e6/Brentford-Arsenal-September-18-2022-Premier-League,
ENG-Premier League,2223,Arsenal,2022-10-01 Arsenal-Tottenham,2022-10-01,12:30:00,Matchweek 9,Sat,Home,W,3,1,Tottenham,2.4,1.6,64,60278,Martin Ødegaard,4-3-3,3-4-3,Anthony Taylor,/en/matches/aefe3b90/North-London-Derby-Arsenal-Tottenham-Hotspur-October-1-2022-Premier-League,
ENG-Premier League,2223,Arsenal,2022-10-09 Arsenal-Liverpool,2022-10-09,16:30:00,Matchweek 10,Sun,Home,W,3,2,Liverpool,2.7,1.1,43,60059,Martin Ødegaard,4-3-3,4-2-3-1,Michael Oliver,/en/matches/84a48413/Arsenal-Liverpool-October-9-2022-Premier-League,
ENG-Premier League,2223,Arsenal,2022-10-16 Leeds United-Arsenal,2022-10-16,14:00:00,Matchweek 11,Sun,Away,W,1,0,Leeds United,0.5,1.8,53,36700,Martin Ødegaard,4-3-3,4-2-3-1,Chris Kavanagh,/en/matches/92885cfc/Leeds-United-Arsenal-October-16-2022-Premier-League,
ENG-Premier League,2223,Arsenal,2022-10-23 Southampton-Arsenal,2022-10-23,14:00:00,Matchweek 13,Sun,Away,D,1,1,Southampton,1.0,0.7,59,31145,Martin Ødegaard,4-3-3,4-4-2,Robert Jones,/en/matches/d8138438/Southampton-Arsenal-October-23-2022-Premier-League,
ENG-Premier League,2223,Arsenal,2022-10-30 Arsenal-Nott'ham Forest,2022-10-30,14:00:00,Matchweek 14,Sun,Home,W,5,0,Nott'ham Forest,2.3,0.4,69,60263,Martin Ødegaard,4-3-3,4-3-3,Simon Hooper,/en/matches/1b496cc1/Arsenal-Nottingham-Forest-October-30-2022-Premier-League,
ENG-Premier League,2223,Arsenal,2022-11-06 Chelsea-Arsenal,2022-11-06,12:00:00,Matchweek 15,Sun,Away,W,1,0,Chelsea,2.1,0.3,55,40142,Martin Ødegaard,4-3-3,4-2-3-1,Michael Oliver,/en/matches/af9dc838/North-West-London-Derby-Chelsea-Arsenal-November-6-2022-Premier-League,
ENG-Premier League,2223,Arsenal,2022-11-12 Wolves-Arsenal,2022-11-12,19:45:00,Matchweek 16,Sat,Away,W,2,0,Wolves,2.1,0.7,62,34624,Martin Ødegaard,4-3-3,5-3-2,Stuart Attwell,/en/matches/863d7a8f/Wolverhampton-Wanderers-Arsenal-November-12-2022-Premier-League,
ENG-Premier League,2223,Arsenal,2022-12-26 Arsenal-West Ham,2022-12-26,20:00:00,Matchweek 17,Mon,Home,W,3,1,West Ham,2.1,1.0,66,60125,Martin Ødegaard,4-3-3,4-2-3-1,Michael Oliver,/en/matches/3be32b8b/Arsenal-West-Ham-United-December-26-2022-Premier-League,
ENG-Premier League,2223,Arsenal,2022-12-31 Brighton-Arsenal,2022-12-31,17:30:00,Matchweek 18,Sat,Away,W,4,2,Brighton,2.9,1.2,32,31647,Martin Ødegaard,4-3-3,4-2-3-1,Anthony Taylor,/en/matches/dd50a429/Brighton-and-Hove-Albion-Arsenal-December-31-2022-Premier-League,
ENG-Premier League,2223,Arsenal,2023-01-03 Arsenal-Newcastle Utd,2023-01-03,19:45:00,Matchweek 19,Tue,Home,D,0,0,Newcastle Utd,1.1,1.0,66,60319,Martin Ødegaard,4-3-3,4-3-3,Andy Madley,/en/matches/ceebd643/Arsenal-Newcastle-United-January-3-2023-Premier-League,
ENG-Premier League,2223,Arsenal,2023-01-15 Tottenham-Arsenal,2023-01-15,16:30:00,Matchweek 20,Sun,Away,W,2,0,Tottenham,1.8,1.6,49,61870,Martin Ødegaard,4-3-3,3-4-3,Craig Pawson,/en/matches/4fc8b7b2/North-London-Derby-Tottenham-Hotspur-Arsenal-January-15-2023-Premier-League,
ENG-Premier League,2223,Arsenal,2023-01-22 Arsenal-Manchester Utd,2023-01-22,16:30:00,Matchweek 21,Sun,Home,W,3,2,Manchester Utd,3.1,0.4,57,60325,Martin Ødegaard,4-3-3,4-2-3-1,Anthony Taylor,/en/matches/1b35bc71/Arsenal-Manchester-United-January-22-2023-Premier-League,
ENG-Premier League,2223,Arsenal,2023-02-04 Everton-Arsenal,2023-02-04,12:30:00,Matchweek 22,Sat,Away,L,0,1,Everton,0.9,1.7,70,39314,Martin Ødegaard,4-3-3,4-5-1,David Coote,/en/matches/07fc721a/Everton-Arsenal-February-4-2023-Premier-League,
ENG-Premier League,2223,Arsenal,2023-02-11 Arsenal-Brentford,2023-02-11,15:00:00,Matchweek 23,Sat,Home,D,1,1,Brentford,1.6,2.0,69,60254,Martin Ødegaard,4-3-3,3-5-2,Peter Bankes,/en/matches/7caa56bc/Arsenal-Brentford-February-11-2023-Premier-League,
ENG-Premier League,2223,Arsenal,2023-02-15 Arsenal-Manchester City,2023-02-15,19:30:00,Matchweek 12,Wed,Home,L,1,3,Manchester City,1.6,1.8,63,60276,Martin Ødegaard,4-3-3,4-1-4-1,Anthony Taylor,/en/matches/b9da01e6/Arsenal-Manchester-City-February-15-2023-Premier-League,
ENG-Premier League,2223,Arsenal,2023-02-18 Aston Villa-Arsenal,2023-02-18,12:30:00,Matchweek 24,Sat,Away,W,4,2,Aston Villa,3.2,0.5,67,42066,Martin Ødegaard,4-3-3,4-4-2,Simon Hooper,/en/matches/e50bfcf8/Aston-Villa-Arsenal-February-18-2023-Premier-League,
ENG-Premier League,2223,Arsenal,2023-02-25 Leicester City-Arsenal,2023-02-25,15:00:00,Matchweek 25,Sat,Away,W,1,0,Leicester City,0.7,0.0,65,32227,Oleksandr Zinchenko,4-3-3,4-3-3,Craig Pawson,/en/matches/145cc0a5/Leicester-City-Arsenal-February-25-2023-Premier-League,
ENG-Premier League,2223,Arsenal,2023-03-01 Arsenal-Everton,2023-03-01,19:45:00,Matchweek 7,Wed,Home,W,4,0,Everton,2.4,1.2,73,60213,Martin Ødegaard,4-3-3,4-5-1,Michael Oliver,/en/matches/705a2f3c/Arsenal-Everton-March-1-2023-Premier-League,
ENG-Premier League,2223,Arsenal,2023-03-04 Arsenal-Bournemouth,2023-03-04,15:00:00,Matchweek 26,Sat,Home,W,3,2,Bournemouth,2.1,1.3,79,60222,Martin Ødegaard,4-3-3,5-4-1,Chris Kavanagh,/en/matches/3e9a33fc/Arsenal-Bournemouth-March-4-2023-Premier-League,
ENG-Premier League,2223,Arsenal,2023-03-12 Fulham-Arsenal,2023-03-12,14:00:00,Matchweek 27,Sun,Away,W,3,0,Fulham,2.3,0.8,55,24426,Martin Ødegaard,4-3-3,4-2-3-1,David Coote,/en/matches/d238973c/Fulham-Arsenal-March-12-2023-Premier-League,
ENG-Premier League,2223,Arsenal,2023-03-19 Arsenal-Crystal Palace,2023-03-19,14:00:00,Matchweek 28,Sun,Home,W,4,1,Crystal Palace,1.6,0.8,62,60247,Martin Ødegaard,4-3-3,4-2-3-1,Stuart Attwell,/en/matches/98e0de00/Arsenal-Crystal-Palace-March-19-2023-Premier-League,
ENG-Premier League,2223,Arsenal,2023-04-01 Arsenal-Leeds United,2023-04-01,15:00:00,Matchweek 29,Sat,Home,W,4,1,Leeds United,3.8,0.7,66,60283,Martin Ødegaard,4-3-3,4-3-3,Darren England,/en/matches/2e4383ca/Arsenal-Leeds-United-April-1-2023-Premier-League,
ENG-Premier League,2223,Arsenal,2023-04-09 Liverpool-Arsenal,2023-04-09,16:30:00,Matchweek 30,Sun,Away,D,2,2,Liverpool,1.4,3.9,41,53267,Martin Ødegaard,4-3-3,4-3-3,Paul Tierney,/en/matches/f3774baa/Liverpool-Arsenal-April-9-2023-Premier-League,
ENG-Premier League,2223,Arsenal,2023-04-16 West Ham-Arsenal,2023-04-16,14:00:00,Matchweek 31,Sun,Away,D,2,2,West Ham,2.7,1.8,70,62481,Martin Ødegaard,4-3-3,4-3-3,David Coote,/en/matches/3120ba0d/West-Ham-United-Arsenal-April-16-2023-Premier-League,
ENG-Premier League,2223,Arsenal,2023-04-21 Arsenal-Southampton,2023-04-21,20:00:00,Matchweek 32,Fri,Home,D,3,3,Southampton,2.4,1.3,74,60175,Martin Ødegaard,4-3-3,4-4-2,Simon Hooper,/en/matches/12efc7dd/Arsenal-Southampton-April-21-2023-Premier-League,
ENG-Premier League,2223,Arsenal,2023-04-26 Manchester City-Arsenal,2023-04-26,20:00:00,Matchweek 33,Wed,Away,L,1,4,Manchester City,0.5,2.5,48,53482,Martin Ødegaard,4-3-3,4-3-3,Michael Oliver,/en/matches/00a73645/Manchester-City-Arsenal-April-26-2023-Premier-League,
ENG-Premier League,2223,Arsenal,2023-05-02 Arsenal-Chelsea,2023-05-02,20:00:00,Matchweek 34,Tue,Home,W,3,1,Chelsea,1.7,0.8,55,60144,Martin Ødegaard,4-3-3,4-3-3,Robert Jones,/en/matches/2d551ff5/North-West-London-Derby-Arsenal-Chelsea-May-2-2023-Premier-League,
ENG-Premier League,2223,Arsenal,2023-05-07 Newcastle Utd-Arsenal,2023-05-07,16:30:00,Matchweek 35,Sun,Away,W,2,0,Newcastle Utd,1.3,1.3,45,50267,Martin Ødegaard,4-3-3,4-3-3,Chris Kavanagh,/en/matches/9bb3a778/Newcastle-United-Arsenal-May-7-2023-Premier-League,
ENG-Premier League,2223,Arsenal,2023-05-14 Arsenal-Brighton,2023-05-14,16:30:00,Matchweek 36,Sun,Home,L,0,3,Brighton,0.9,1.7,41,60139,Martin Ødegaard,4-3-3,4-2-3-1,Andy Madley,/en/matches/dc6fb985/Arsenal-Brighton-and-Hove-Albion-May-14-2023-Premier-League,
ENG-Premier League,2223,Arsenal,2023-05-20 Nott'ham Forest-Arsenal,2023-05-20,17:30:00,Matchweek 37,Sat,Away,L,0,1,Nott'ham Forest,0.6,0.6,81,29514,Martin Ødegaard,4-3-3,3-4-3,Anthony Taylor,/en/matches/9a2ea2b3/Nottingham-Forest-Arsenal-May-20-2023-Premier-League,
ENG-Premier League,2223,Arsenal,2023-05-28 Arsenal-Wolves,2023-05-28,16:30:00,Matchweek 38,Sun,Home,W,5,0,Wolves,2.8,0.5,51,60095,Martin Ødegaard,4-3-3,4-3-3,Andre Marriner,/en/matches/71d5bd41/Arsenal-Wolverhampton-Wanderers-May-28-2023-Premier-League,
ENG-Premier League,2324,Arsenal,2023-08-12 Arsenal-Nott'ham Forest,2023-08-12,12:30:00,Matchweek 1,Sat,Home,W,2,1,Nott'ham Forest,0.8,1.2,78,59984,Martin Ødegaard,4-3-3,3-4-3,Michael Oliver,/en/matches/26a7f90c/Arsenal-Nottingham-Forest-August-12-2023-Premier-League,
ENG-Premier League,2324,Arsenal,2023-08-21 Crystal Palace-Arsenal,2023-08-21,20:00:00,Matchweek 2,Mon,Away,W,1,0,Crystal Palace,2.0,1.0,53,24189,Martin Ødegaard,4-3-3,4-2-3-1,David Coote,/en/matches/3b5ecd36/Crystal-Palace-Arsenal-August-21-2023-Premier-League,
ENG-Premier League,2324,Arsenal,2023-08-26 Arsenal-Fulham,2023-08-26,15:00:00,Matchweek 3,Sat,Home,D,2,2,Fulham,3.2,0.6,71,59961,Martin Ødegaard,4-3-3,4-3-3,Paul Tierney,/en/matches/d8f8f8ad/Arsenal-Fulham-August-26-2023-Premier-League,
ENG-Premier League,2324,Arsenal,2023-09-03 Arsenal-Manchester Utd,2023-09-03,16:30:00,Matchweek 4,Sun,Home,W,3,1,Manchester Utd,2.3,0.9,55,60192,Martin Ødegaard,4-3-3,4-2-3-1,Anthony Taylor,/en/matches/74125d47/Arsenal-Manchester-United-September-3-2023-Premier-League,
ENG-Premier League,2324,Arsenal,2023-09-17 Everton-Arsenal,2023-09-17,16:30:00,Matchweek 5,Sun,Away,W,1,0,Everton,1.0,0.3,74,39217,Martin Ødegaard,4-3-3,4-5-1,Simon Hooper,/en/matches/b1278924/Everton-Arsenal-September-17-2023-Premier-League,
ENG-Premier League,2324,Arsenal,2023-09-24 Arsenal-Tottenham,2023-09-24,14:00:00,Matchweek 6,Sun,Home,D,2,2,Tottenham,1.8,1.4,47,60156,Martin Ødegaard,4-3-3,4-2-3-1,Robert Jones,/en/matches/08947a10/North-London-Derby-Arsenal-Tottenham-Hotspur-September-24-2023-Premier-League,
ENG-Premier League,2324,Arsenal,2023-09-30 Bournemouth-Arsenal,2023-09-30,15:00:00,Matchweek 7,Sat,Away,W,4,0,Bournemouth,3.4,0.6,57,11193,Martin Ødegaard,4-3-3,4-2-3-1,Michael Salisbury,/en/matches/8de4aca0/Bournemouth-Arsenal-September-30-2023-Premier-League,
ENG-Premier League,2324,Arsenal,2023-10-08 Arsenal-Manchester City,2023-10-08,16:30:00,Matchweek 8,Sun,Home,W,1,0,Manchester City,0.4,0.5,49,60233,Martin Ødegaard,4-3-3,4-3-3,Michael Oliver,/en/matches/59cd18ae/Arsenal-Manchester-City-October-8-2023-Premier-League,
ENG-Premier League,2324,Arsenal,2023-10-21 Chelsea-Arsenal,2023-10-21,17:30:00,Matchweek 9,Sat,Away,D,2,2,Chelsea,1.0,1.3,56,39723,Martin Ødegaard,4-3-3,4-2-3-1,Chris Kavanagh,/en/matches/a1c336e2/North-West-London-Derby-Chelsea-Arsenal-October-21-2023-Premier-League,
ENG-Premier League,2324,Arsenal,2023-10-28 Arsenal-Sheffield Utd,2023-10-28,15:00:00,Matchweek 10,Sat,Home,W,5,0,Sheffield Utd,2.8,0.0,67,60153,Bukayo Saka,4-3-3,4-4-2,Tim Robinson,/en/matches/d498f918/Arsenal-Sheffield-United-October-28-2023-Premier-League,
ENG-Premier League,2324,Arsenal,2023-11-04 Newcastle Utd-Arsenal,2023-11-04,17:30:00,Matchweek 11,Sat,Away,L,0,1,Newcastle Utd,0.6,1.0,58,52194,Jorginho,4-3-3,4-3-3,Stuart Attwell,/en/matches/6096abaa/Newcastle-United-Arsenal-November-4-2023-Premier-League,
ENG-Premier League,2324,Arsenal,2023-11-11 Arsenal-Burnley,2023-11-11,15:00:00,Matchweek 12,Sat,Home,W,3,1,Burnley,1.8,0.3,63,60232,Jorginho,4-3-3,4-4-2,Michael Oliver,/en/matches/2cb4e4dc/Arsenal-Burnley-November-11-2023-Premier-League,
ENG-Premier League,2324,Arsenal,2023-11-25 Brentford-Arsenal,2023-11-25,17:30:00,Matchweek 13,Sat,Away,W,1,0,Brentford,1.6,1.1,63,17201,Martin Ødegaard,4-3-3,5-3-2,Tim Robinson,/en/matches/626c6561/Brentford-Arsenal-November-25-2023-Premier-League,
ENG-Premier League,2324,Arsenal,2023-12-02 Arsenal-Wolves,2023-12-02,15:00:00,Matchweek 14,Sat,Home,W,2,1,Wolves,2.8,0.7,57,60262,Martin Ødegaard,4-3-3,3-5-2,Peter Bankes,/en/matches/6e65df8e/Arsenal-Wolverhampton-Wanderers-December-2-2023-Premier-League,
ENG-Premier League,2324,Arsenal,2023-12-05 Luton Town-Arsenal,2023-12-05,20:15:00,Matchweek 15,Tue,Away,W,4,3,Luton Town,2.2,0.5,66,11031,Martin Ødegaard,4-3-3,3-4-3,Samuel Barrott,/en/matches/dd3a5afc/Luton-Town-Arsenal-December-5-2023-Premier-League,
ENG-Premier League,2324,Arsenal,2023-12-09 Aston Villa-Arsenal,2023-12-09,17:30:00,Matchweek 16,Sat,Away,L,0,1,Aston Villa,1.4,0.6,61,42000,Martin Ødegaard,4-3-3,4-4-1-1,Jarred Gillett,/en/matches/8cf29e50/Aston-Villa-Arsenal-December-9-2023-Premier-League,
ENG-Premier League,2324,Arsenal,2023-12-17 Arsenal-Brighton,2023-12-17,14:00:00,Matchweek 17,Sun,Home,W,2,0,Brighton,2.3,0.7,49,60257,Martin Ødegaard,4-3-3,4-2-3-1,Tim Robinson,/en/matches/e3a46a4e/Arsenal-Brighton-and-Hove-Albion-December-17-2023-Premier-League,
ENG-Premier League,2324,Arsenal,2023-12-23 Liverpool-Arsenal,2023-12-23,17:30:00,Matchweek 18,Sat,Away,D,1,1,Liverpool,0.7,1.0,48,57548,Martin Ødegaard,4-3-3,4-3-3,Chris Kavanagh,/en/matches/bfbfbbe8/Liverpool-Arsenal-December-23-2023-Premier-League,
ENG-Premier League,2324,Arsenal,2023-12-28 Arsenal-West Ham,2023-12-28,20:15:00,Matchweek 19,Thu,Home,L,0,2,West Ham,2.7,1.4,73,60261,Martin Ødegaard,4-3-3,4-2-3-1,Michael Oliver,/en/matches/ba570015/Arsenal-West-Ham-United-December-28-2023-Premier-League,
ENG-Premier League,2324,Arsenal,2023-12-31 Fulham-Arsenal,2023-12-31,14:00:00,Matchweek 20,Sun,Away,L,1,2,Fulham,1.6,1.2,60,24444,Martin Ødegaard,4-3-3,4-2-3-1,Joshua Smith,/en/matches/6c1b6ffc/Fulham-Arsenal-December-31-2023-Premier-League,
ENG-Premier League,2324,Arsenal,2024-01-20 Arsenal-Crystal Palace,2024-01-20,12:30:00,Matchweek 21,Sat,Home,W,5,0,Crystal Palace,3.3,0.3,60,60284,Martin Ødegaard,4-3-3,3-4-3,Paul Tierney,/en/matches/006fb5b5/Arsenal-Crystal-Palace-January-20-2024-Premier-League,
ENG-Premier League,2324,Arsenal,2024-01-30 Nott'ham Forest-Arsenal,2024-01-30,19:30:00,Matchweek 22,Tue,Away,W,2,1,Nott'ham Forest,1.2,0.5,73,29387,Martin Ødegaard,4-3-3,4-2-3-1,Simon Hooper,/en/matches/20a16b44/Nottingham-Forest-Arsenal-January-30-2024-Premier-League,
ENG-Premier League,2324,Arsenal,2024-02-04 Arsenal-Liverpool,2024-02-04,16:30:00,Matchweek 23,Sun,Home,W,3,1,Liverpool,3.5,0.4,43,60374,Martin Ødegaard,4-3-3,4-3-3,Anthony Taylor,/en/matches/99020abf/Arsenal-Liverpool-February-4-2024-Premier-League,
ENG-Premier League,2324,Arsenal,2024-02-11 West Ham-Arsenal,2024-02-11,14:00:00,Matchweek 24,Sun,Away,W,6,0,West Ham,3.6,0.2,70,62475,Martin Ødegaard,4-3-3,4-2-3-1,Craig Pawson,/en/matches/a1da23dc/West-Ham-United-Arsenal-February-11-2024-Premier-League,
ENG-Premier League,2324,Arsenal,2024-02-17 Burnley-Arsenal,2024-02-17,15:00:00,Matchweek 25,Sat,Away,W,5,0,Burnley,2.3,0.3,64,21311,Martin Ødegaard,4-3-3,4-4-2,Jarred Gillett,/en/matches/59631171/Burnley-Arsenal-February-17-2024-Premier-League,
ENG-Premier League,2324,Arsenal,2024-02-24 Arsenal-Newcastle Utd,2024-02-24,20:00:00,Matchweek 26,Sat,Home,W,4,1,Newcastle Utd,2.8,0.2,55,60298,Martin Ødegaard,4-3-3,4-3-3,Paul Tierney,/en/matches/8f922133/Arsenal-Newcastle-United-February-24-2024-Premier-League,
ENG-Premier League,2324,Arsenal,2024-03-04 Sheffield Utd-Arsenal,2024-03-04,20:00:00,Matchweek 27,Mon,Away,W,6,0,Sheffield Utd,2.3,0.2,80,29157,Martin Ødegaard,4-3-3,4-5-1,Samuel Barrott,/en/matches/2eca8900/Sheffield-United-Arsenal-March-4-2024-Premier-League,
ENG-Premier League,2324,Arsenal,2024-03-09 Arsenal-Brentford,2024-03-09,17:30:00,Matchweek 28,Sat,Home,W,2,1,Brentford,1.3,1.0,71,60331,Martin Ødegaard,4-3-3,3-5-2,Robert Jones,/en/matches/0e9002ec/Arsenal-Brentford-March-9-2024-Premier-League,
ENG-Premier League,2324,Arsenal,2024-03-31 Manchester City-Arsenal,2024-03-31,16:30:00,Matchweek 30,Sun,Away,D,0,0,Manchester City,0.7,1.0,28,52178,Martin Ødegaard,4-3-3,4-1-4-1,Anthony Taylor,/en/matches/76b4b194/Manchester-City-Arsenal-March-31-2024-Premier-League,
ENG-Premier League,2324,Arsenal,2024-04-03 Arsenal-Luton Town,2024-04-03,19:30:00,Matchweek 31,Wed,Home,W,2,0,Luton Town,0.7,0.3,58,60262,Martin Ødegaard,4-3-3,3-4-3,Craig Pawson,/en/matches/77d7e2d6/Arsenal-Luton-Town-April-3-2024-Premier-League,
ENG-Premier League,2324,Arsenal,2024-04-06 Brighton-Arsenal,2024-04-06,17:30:00,Matchweek 32,Sat,Away,W,3,0,Brighton,3.4,0.5,46,31677,Martin Ødegaard,4-3-3,4-2-3-1,John Brooks,/en/matches/2047cc32/Brighton-and-Hove-Albion-Arsenal-April-6-2024-Premier-League,
ENG-Premier League,2324,Arsenal,2024-04-14 Arsenal-Aston Villa,2024-04-14,16:30:00,Matchweek 33,Sun,Home,L,0,2,Aston Villa,1.6,0.9,52,60350,Martin Ødegaard,4-3-3,4-2-3-1,David Coote,/en/matches/c1739ced/Arsenal-Aston-Villa-April-14-2024-Premier-League,
ENG-Premier League,2324,Arsenal,2024-04-20 Wolves-Arsenal,2024-04-20,19:30:00,Matchweek 34,Sat,Away,W,2,0,Wolves,1.2,0.2,54,31621,Martin Ødegaard,4-3-3,4-4-2,Paul Tierney,/en/matches/22881ea2/Wolverhampton-Wanderers-Arsenal-April-20-2024-Premier-League,
ENG-Premier League,2324,Arsenal,2024-04-23 Arsenal-Chelsea,2024-04-23,20:00:00,Matchweek 29,Tue,Home,W,5,0,Chelsea,3.3,1.6,45,60238,Martin Ødegaard,4-3-3,4-2-3-1,Simon Hooper,/en/matches/3435dfcc/North-West-London-Derby-Arsenal-Chelsea-April-23-2024-Premier-League,
ENG-Premier League,2324,Arsenal,2024-04-28 Tottenham-Arsenal,2024-04-28,14:00:00,Matchweek 35,Sun,Away,W,3,2,Tottenham,1.0,2.3,38,61554,Martin Ødegaard,4-3-3,4-2-3-1,Michael Oliver,/en/matches/d98c9a99/North-London-Derby-Tottenham-Hotspur-Arsenal-April-28-2024-Premier-League,
ENG-Premier League,2324,Arsenal,2024-05-04 Arsenal-Bournemouth,2024-05-04,12:30:00,Matchweek 36,Sat,Home,W,3,0,Bournemouth,3.3,0.5,55,60348,Martin Ødegaard,4-3-3,4-3-3,David Coote,/en/matches/00bcfc31/Arsenal-Bournemouth-May-4-2024-Premier-League,
ENG-Premier League,2324,Arsenal,2024-05-12 Manchester Utd-Arsenal,2024-05-12,16:30:00,Matchweek 37,Sun,Away,W,1,0,Manchester Utd,1.5,0.5,46,73600,Martin Ødegaard,4-3-3,4-2-3-1,Paul Tierney,/en/matches/ab9827f2/Manchester-United-Arsenal-May-12-2024-Premier-League,
ENG-Premier League,2324,Arsenal,2024-05-19 Arsenal-Everton,2024-05-19,16:00:00,Matchweek 38,Sun,Home,W,2,1,Everton,2.9,0.6,68,60312,Martin Ødegaard,4-3-3,4-4-1-1,Michael Oliver,/en/matches/3e33bd98/Arsenal-Everton-May-19-2024-Premier-League,
ENG-Premier League,2425,Arsenal,2024-08-17 Arsenal-Wolves,2024-08-17,15:00:00,Matchweek 1,Sat,Home,W,2,0,Wolves,1.2,0.5,53,60261,Martin Ødegaard,4-3-3,4-2-3-1,Jarred Gillett,/en/matches/c0e3342a/Arsenal-Wolverhampton-Wanderers-August-17-2024-Premier-League,
ENG-Premier League,2425,Arsenal,2024-08-24 Aston Villa-Arsenal,2024-08-24,17:30:00,Matchweek 2,Sat,Away,W,2,0,Aston Villa,0.9,1.2,60,41587,Martin Ødegaard,4-3-3,4-4-2,Michael Oliver,/en/matches/4692171a/Aston-Villa-Arsenal-August-24-2024-Premier-League,
ENG-Premier League,2425,Arsenal,2024-08-31 Arsenal-Brighton,2024-08-31,12:30:00,Matchweek 3,Sat,Home,D,1,1,Brighton,2.1,1.7,36,60326,Martin Ødegaard,4-3-3,4-2-3-1,Chris Kavanagh,/en/matches/a843d023/Arsenal-Brighton-and-Hove-Albion-August-31-2024-Premier-League,
ENG-Premier League,2425,Arsenal,2024-09-15 Tottenham-Arsenal,2024-09-15,14:00:00,Matchweek 4,Sun,Away,W,1,0,Tottenham,0.7,0.7,37,61645,Jorginho,4-4-2,4-3-3,Jarred Gillett,/en/matches/17774a57/North-London-Derby-Tottenham-Hotspur-Arsenal-September-15-2024-Premier-League,
ENG-Premier League,2425,Arsenal,2024-09-22 Manchester City-Arsenal,2024-09-22,16:30:00,Matchweek 5,Sun,Away,D,2,2,Manchester City,0.7,2.1,23,52846,Bukayo Saka,4-4-2,4-3-3,Michael Oliver,/en/matches/d7538020/Manchester-City-Arsenal-September-22-2024-Premier-League,
ENG-Premier League,2425,Arsenal,2024-09-28 Arsenal-Leicester City,2024-09-28,15:00:00,Matchweek 6,Sat,Home,W,4,2,Leicester City,4.4,0.3,74,60323,Bukayo Saka,4-4-2,4-2-3-1,Samuel Barrott,/en/matches/2ee60ac7/Arsenal-Leicester-City-September-28-2024-Premier-League,
ENG-Premier League,2425,Arsenal,2024-10-05 Arsenal-Southampton,2024-10-05,15:00:00,Matchweek 7,Sat,Home,W,3,1,Southampton,2.8,0.6,59,60307,Jorginho,4-4-2,5-4-1,Tony Harrington,/en/matches/c6439e5b/Arsenal-Southampton-October-5-2024-Premier-League,
ENG-Premier League,2425,Arsenal,2024-10-19 Bournemouth-Arsenal,2024-10-19,17:30:00,Matchweek 8,Sat,Away,L,0,2,Bournemouth,0.7,1.8,51,11235,Gabriel Magalhães,4-2-3-1,4-2-3-1,Robert Jones,/en/matches/01e63a1f/Bournemouth-Arsenal-October-19-2024-Premier-League,
ENG-Premier League,2425,Arsenal,2024-10-27 Arsenal-Liverpool,2024-10-27,16:30:00,Matchweek 9,Sun,Home,D,2,2,Liverpool,0.9,0.8,45,60383,Bukayo Saka,4-4-2,4-2-3-1,Anthony Taylor,/en/matches/68aa1099/Arsenal-Liverpool-October-27-2024-Premier-League,
ENG-Premier League,2425,Arsenal,2024-11-02 Newcastle Utd-Arsenal,2024-11-02,12:30:00,Matchweek 10,Sat,Away,L,0,1,Newcastle Utd,1.1,0.5,63,52249,Bukayo Saka,4-4-2,4-3-3,John Brooks,/en/matches/cc960c22/Newcastle-United-Arsenal-November-2-2024-Premier-League,
ENG-Premier League,2425,Arsenal,2024-11-10 Chelsea-Arsenal,2024-11-10,16:30:00,Matchweek 11,Sun,Away,D,1,1,Chelsea,1.5,1.5,51,39780,Martin Ødegaard,4-3-3,4-2-3-1,Michael Oliver,/en/matches/2874d56e/North-West-London-Derby-Chelsea-Arsenal-November-10-2024-Premier-League,
ENG-Premier League,2425,Arsenal,2024-11-23 Arsenal-Nott'ham Forest,2024-11-23,15:00:00,Matchweek 12,Sat,Home,W,3,0,Nott'ham Forest,1.2,0.3,66,60298,Martin Ødegaard,4-3-3,4-2-3-1,Simon Hooper,/en/matches/0cb4129b/Arsenal-Nottingham-Forest-November-23-2024-Premier-League,
ENG-Premier League,2425,Arsenal,2024-11-30 West Ham-Arsenal,2024-11-30,17:30:00,Matchweek 13,Sat,Away,W,5,2,West Ham,3.5,1.5,60,62475,Martin Ødegaard,4-3-3,4-2-3-1,Anthony Taylor,/en/matches/f78bee62/West-Ham-United-Arsenal-November-30-2024-Premier-League,
ENG-Premier League,2425,Arsenal,2024-12-04 Arsenal-Manchester Utd,2024-12-04,20:15:00,Matchweek 14,Wed,Home,W,2,0,Manchester Utd,2.1,0.2,51,60256,Martin Ødegaard,4-3-3,3-4-3,Samuel Barrott,/en/matches/9938aa27/Arsenal-Manchester-United-December-4-2024-Premier-League,
ENG-Premier League,2425,Arsenal,2024-12-08 Fulham-Arsenal,2024-12-08,14:00:00,Matchweek 15,Sun,Away,D,1,1,Fulham,1.8,0.2,66,26954,Martin Ødegaard,4-3-3,4-2-3-1,Chris Kavanagh,/en/matches/038dfa98/Fulham-Arsenal-December-8-2024-Premier-League,
ENG-Premier League,2425,Arsenal,2024-12-14 Arsenal-Everton,2024-12-14,15:00:00,Matchweek 16,Sat,Home,D,0,0,Everton,1.2,0.1,76,60176,Martin Ødegaard,4-3-3,4-3-3,Craig Pawson,/en/matches/32aa9e8e/Arsenal-Everton-December-14-2024-Premier-League,
ENG-Premier League,2425,Arsenal,2024-12-21 Crystal Palace-Arsenal,2024-12-21,17:30:00,Matchweek 17,Sat,Away,W,5,1,Crystal Palace,2.5,1.6,58,25167,Martin Ødegaard,4-3-3,3-4-3,Simon Hooper,/en/matches/5e7aa707/Crystal-Palace-Arsenal-December-21-2024-Premier-League,
ENG-Premier League,2425,Arsenal,2024-12-27 Arsenal-Ipswich Town,2024-12-27,20:15:00,Matchweek 18,Fri,Home,W,1,0,Ipswich Town,1.8,0.2,68,60271,Martin Ødegaard,4-3-3,5-4-1,Darren England,/en/matches/668dad03/Arsenal-Ipswich-Town-December-27-2024-Premier-League,
ENG-Premier League,2425,Arsenal,2025-01-01 Brentford-Arsenal,2025-01-01,17:30:00,Matchweek 19,Wed,Away,W,3,1,Brentford,1.9,0.3,50,47190,Martin Ødegaard,4-3-3,4-3-1-2,Peter Bankes,/en/matches/7e6892e4/Brentford-Arsenal-January-1-2025-Premier-League,
ENG-Premier League,2425,Arsenal,2025-01-04 Brighton-Arsenal,2025-01-04,17:30:00,Matchweek 20,Sat,Away,D,1,1,Brighton,0.9,1.5,55,31714,Jorginho,4-3-3,4-2-3-1,Anthony Taylor,/en/matches/52186da4/Brighton-and-Hove-Albion-Arsenal-January-4-2025-Premier-League,
ENG-Premier League,2425,Arsenal,2025-01-15 Arsenal-Tottenham,2025-01-15,20:00:00,Matchweek 21,Wed,Home,W,2,1,Tottenham,1.4,0.8,53,60287,Martin Ødegaard,4-3-3,4-3-3,Simon Hooper,/en/matches/ee9ce5e2/North-London-Derby-Arsenal-Tottenham-Hotspur-January-15-2025-Premier-League,
ENG-Premier League,2425,Arsenal,2025-01-18 Arsenal-Aston Villa,2025-01-18,17:30:00,Matchweek 22,Sat,Home,D,2,2,Aston Villa,1.3,1.0,66,60067,Martin Ødegaard,4-3-3,4-2-3-1,Chris Kavanagh,/en/matches/1fdaaaba/Arsenal-Aston-Villa-January-18-2025-Premier-League,
ENG-Premier League,2425,Arsenal,2025-01-25 Wolves-Arsenal,2025-01-25,15:00:00,Matchweek 23,Sat,Away,W,1,0,Wolves,1.0,0.7,49,31503,Gabriel Magalhães,4-3-3,3-4-3,Michael Oliver,/en/matches/0b39252e/Wolverhampton-Wanderers-Arsenal-January-25-2025-Premier-League,
ENG-Premier League,2425,Arsenal,2025-02-02 Arsenal-Manchester City,2025-02-02,16:30:00,Matchweek 24,Sun,Home,W,5,1,Manchester City,1.0,0.8,46,60355,Martin Ødegaard,4-3-3,4-2-3-1,Peter Bankes,/en/matches/2906e921/Arsenal-Manchester-City-February-2-2025-Premier-League,
ENG-Premier League,2425,Arsenal,2025-02-15 Leicester City-Arsenal,2025-02-15,12:30:00,Matchweek 25,Sat,Away,W,2,0,Leicester City,1.4,0.2,60,31968,Martin Ødegaard,4-3-3,4-2-3-1,Samuel Barrott,/en/matches/af8aa0dd/Leicester-City-Arsenal-February-15-2025-Premier-League,
ENG-Premier League,2425,Arsenal,2025-02-22 Arsenal-West Ham,2025-02-22,15:00:00,Matchweek 26,Sat,Home,L,0,1,West Ham,1.2,1.1,68,60262,Martin Ødegaard,4-3-3,5-3-2,Craig Pawson,/en/matches/e511e91c/Arsenal-West-Ham-United-February-22-2025-Premier-League,
ENG-Premier League,2425,Arsenal,2025-02-26 Nott'ham Forest-Arsenal,2025-02-26,19:30:00,Matchweek 27,Wed,Away,D,0,0,Nott'ham Forest,1.0,0.4,64,30200,Martin Ødegaard,4-3-3,4-2-3-1,Andy Madley,/en/matches/d4387bc1/Nottingham-Forest-Arsenal-February-26-2025-Premier-League,
ENG-Premier League,2425,Arsenal,2025-03-09 Manchester Utd-Arsenal,2025-03-09,16:30:00,Matchweek 28,Sun,Away,D,1,1,Manchester Utd,1.6,1.5,68,73812,Martin Ødegaard,4-3-3,3-4-3,Anthony Taylor,/en/matches/8efec987/Manchester-United-Arsenal-March-9-2025-Premier-League,
ENG-Premier League,2425,Arsenal,2025-03-16 Arsenal-Chelsea,2025-03-16,13:30:00,Matchweek 29,Sun,Home,W,1,0,Chelsea,0.7,0.4,42,60311,Martin Ødegaard,4-3-3,4-2-3-1,Chris Kavanagh,/en/matches/22de525d/North-West-London-Derby-Arsenal-Chelsea-March-16-2025-Premier-League,
ENG-Premier League,2425,Arsenal,2025-04-01 Arsenal-Fulham,2025-04-01,19:45:00,Matchweek 30,Tue,Home,W,2,1,Fulham,2.2,1.0,51,60256,Martin Ødegaard,4-3-3,3-4-3,John Brooks,/en/matches/777d595c/Arsenal-Fulham-April-1-2025-Premier-League,
ENG-Premier League,2425,Arsenal,2025-04-05 Everton-Arsenal,2025-04-05,12:30:00,Matchweek 31,Sat,Away,D,1,1,Everton,1.8,1.1,69,39316,Jorginho,4-3-3,4-2-3-1,Darren England,/en/matches/8a72e3dc/Everton-Arsenal-April-5-2025-Premier-League,
ENG-Premier League,2425,Arsenal,2025-04-12 Arsenal-Brentford,2025-04-12,17:30:00,Matchweek 32,Sat,Home,D,1,1,Brentford,1.0,0.2,63,60184,Jorginho,4-3-3,4-4-2,Simon Hooper,/en/matches/471d2141/Arsenal-Brentford-April-12-2025-Premier-League,
ENG-Premier League,2425,Arsenal,2025-04-20 Ipswich Town-Arsenal,2025-04-20,14:00:00,Matchweek 33,Sun,Away,W,4,0,Ipswich Town,2.4,0.2,75,29549,Martin Ødegaard,4-3-3,4-4-1-1,Chris Kavanagh,/en/matches/2b599f1a/Ipswich-Town-Arsenal-April-20-2025-Premier-League,
ENG-Premier League,2425,Arsenal,2025-04-23 Arsenal-Crystal Palace,2025-04-23,20:00:00,Matchweek 34,Wed,Home,D,2,2,Crystal Palace,1.2,1.7,67,60167,Martin Ødegaard,4-3-3,3-4-3,Michael Salisbury,/en/matches/67651145/Arsenal-Crystal-Palace-April-23-2025-Premier-League,
ENG-Premier League,2425,Arsenal,2025-05-03 Arsenal-Bournemouth,2025-05-03,17:30:00,Matchweek 35,Sat,Home,L,1,2,Bournemouth,1.4,0.9,51,60110,Martin Ødegaard,4-3-3,4-2-3-1,Jarred Gillett,/en/matches/ad3827f3/Arsenal-Bournemouth-May-3-2025-Premier-League,
ENG-Premier League,2425,Arsenal,2025-05-11 Liverpool-Arsenal,2025-05-11,16:30:00,Matchweek 36,Sun,Away,D,2,2,Liverpool,2.6,2.4,55,60324,Martin Ødegaard,4-3-3,4-2-3-1,Anthony Taylor,/en/matches/0dc9bdd9/Liverpool-Arsenal-May-11-2025-Premier-League,
ENG-Premier League,2425,Arsenal,2025-05-18 Arsenal-Newcastle Utd,2025-05-18,16:30:00,Matchweek 37,Sun,Home,W,1,0,Newcastle Utd,0.6,1.5,51,60160,Martin Ødegaard,4-3-3,3-4-3,Simon Hooper,/en/matches/0a51acae/Arsenal-Newcastle-United-May-18-2025-Premier-League,
ENG-Premier League,2425,Arsenal,2025-05-25 Southampton-Arsenal,2025-05-25,16:00:00,Matchweek 38,Sun,Away,W,2,1,Southampton,2.3,0.6,62,31289,Declan Rice,4-2-3-1,5-4-1,Darren Bond,/en/matches/01d155b4/Southampton-Arsenal-May-25-2025-Premier-League,
